spot,ground_truth
AAACAAGTATCTCCCA-1,Layer3
AAACAATCTACTAGCA-1,Layer1
AAACACCAATAACTGC-1,WM
AAACAGAGCGACTCCT-1,Layer3
AAACAGCTTTCAGAAG-1,Layer5
AAACAGGGTCTATATT-1,Layer6
AAACAGTGTTCCTGGG-1,WM
AAACATTTCCCGGATT-1,Layer3
AAACCCGAACGAAATC-1,Layer2
AAACCGGGTAGGTACC-1,Layer6
AAACCGTTCGTCCAGG-1,WM
AAACCTAAGCAGCCGG-1,Layer4
AAACCTCATGAAGTTG-1,Layer5
AAACGAAGAACATACC-1,Layer3
AAACGAGACGGTTGAT-1,Layer5
AAACGGGCGTACGGGT-1,Layer3
AAACGGTTGCGAACTG-1,Layer6
AAACTCGGTTCGCAAT-1,Layer5
AAACTCGTGATATAAG-1,Layer2
AAACTGCTGGCTCCAA-1,Layer6
AAACTTAATTGCACGC-1,WM
AAACTTGCAAACGTAT-1,Layer6
AAAGACATGAAGTTTA-1,Layer2
AAAGACCCAAGTCGCG-1,Layer3
AAAGACTGGGCGCTTT-1,Layer3
AAAGGCCCTATAATAC-1,WM
AAAGGCTACGGACCAT-1,Layer6
AAAGGCTCTCGCGCCG-1,Layer6
AAAGGGATGTAGCAAG-1,Layer5
AAAGGGCAGCTTGAAT-1,Layer3
AAAGGTAAGCTGTACC-1,Layer1
AAAGTAGCATTGCTCA-1,WM
AAAGTCACTGATGTAA-1,Layer3
AAAGTCGACCCTCAGT-1,Layer5
AAAGTGTGATTTATCT-1,Layer4
AAAGTTGACTCCCGTA-1,Layer4
AAATAACCATACGGGA-1,Layer3
AAATAAGGTAGTGCCC-1,Layer2
AAATACCTATAAGCAT-1,Layer6
AAATAGCTTAGACTTT-1,Layer3
AAATAGGGTGCTATTG-1,Layer5
AAATCCGATACACGCC-1,Layer3
AAATCGTGTACCACAA-1,Layer6
AAATCTAGCCCTGCTA-1,Layer3
AAATGATTCGATCAGC-1,Layer2
AAATGCTCGTTACGTT-1,Layer3
AAATGGCATGTCTTGT-1,Layer3
AAATGGCCCGTGCCCT-1,Layer6
AAATGGTCAATGTGCC-1,Layer6
AAATGTGGGTGCTCCT-1,Layer1
AAATTAACGGGTAGCT-1,Layer6
AAATTACACGACTCTG-1,Layer3
AAATTACCTATCGATG-1,Layer4
AAATTGATAGTCCTTT-1,WM
AAATTGCGGCGGTTCT-1,Layer1
AAATTTACCGAAATCC-1,Layer3
AAATTTGCGGGTGTGG-1,WM
AACAACTGGTAGTTGC-1,Layer5
AACAATACATTGTCGA-1,WM
AACAATTACTCTACGC-1,Layer4
AACACACGCTCGCCGC-1,Layer4
AACACGACTGTACTGA-1,Layer3
AACACGAGACGCGGCC-1,Layer6
AACACGCGGCCGCGAA-1,Layer1
AACAGCTGTGTGGCAA-1,WM
AACAGGAAATCGAATA-1,Layer3
AACAGGATGGGCCGCG-1,Layer5
AACAGGTAGTATGGAT-1,Layer2
AACATATCAACTGGTG-1,Layer3
AACATCGATACGTCTA-1,Layer2
AACATTGAAGTTGATC-1,WM
AACATTGGTCAGCCGT-1,Layer1
AACATTGTGACTCGAG-1,Layer6
AACCAAGACTTCTCTG-1,Layer5
AACCAGTATCACTCTT-1,Layer3
AACCATAGGGTTGAAC-1,WM
AACCATGGGATCGCTA-1,Layer2
AACCCAGAGACGGAGA-1,Layer3
AACCCATCCCATGATC-1,WM
AACCCGACAACCCGTG-1,WM
AACCCGAGCAGAATCG-1,Layer2
AACCCTACTGTCAATA-1,Layer4
AACCCTGGTGGAACCA-1,Layer3
AACCGAGCTTGGTCAT-1,Layer5
AACCGCTAAGGGATGC-1,Layer4
AACCGTTGTGTTTGCT-1,Layer3
AACCTAAAGCCGTCCG-1,Layer2
AACCTCGCTTTAGCCC-1,Layer4
AACCTTTAAATACGGT-1,Layer6
AACCTTTACGACGTCT-1,Layer3
AACGAAAGTCGTCCCA-1,WM
AACGATAATGCCGTAG-1,Layer6
AACGATAGAAGGGCCG-1,Layer3
AACGATATGTCAACTG-1,Layer5
AACGCATGATCTGGGT-1,Layer3
AACGCGACCTTGGGCG-1,Layer6
AACGCGGTCTCCAGCC-1,Layer5
AACGCTGTTGCTGAAA-1,Layer3
AACGGACGTACGTATA-1,Layer4
AACGGCCATCTCCGGT-1,WM
AACGTACTGTGGGTAC-1,WM
AACGTAGTCTACCCAT-1,Layer1
AACGTCAGACTAGTGG-1,Layer5
AACGTGATGAAGGACA-1,Layer3
AACGTGCGAAAGTCTC-1,Layer6
AACTACCCGTTTGTCA-1,Layer3
AACTAGCGTATCGCAC-1,Layer1
AACTAGGCTTGGGTGT-1,Layer6
AACTCAAGTTAATTGC-1,Layer6
AACTCCAGAGCGTGTT-1,Layer3
AACTCCTAATCCCATG-1,Layer3
AACTCGATAAACACGT-1,Layer1
AACTCGATGGCGCAGT-1,Layer1
AACTCTCAATAGAGCG-1,Layer4
AACTCTCAGTGTGCTC-1,WM
AACTGATATTAGGCCT-1,Layer4
AACTGGGTCCCGACGT-1,Layer5
AACTGGGTTCGAGCCG-1,Layer3
AACTGGTGTGGGCCTT-1,Layer2
AACTTCTGCGTCTATC-1,Layer3
AACTTGCCCGTATGCA-1,Layer5
AACTTGCGTTCTCGCG-1,Layer2
AACTTTAGCTGCTGAG-1,Layer1
AAGAAGGATCAGTTAG-1,Layer2
AAGACATACGTGGTTT-1,
AAGACCAAATAACTCA-1,WM
AAGACCCAACTGAACA-1,Layer6
AAGACTAACCCGTTGT-1,Layer1
AAGACTCACGCCCACT-1,Layer2
AAGACTGCAAGCTACT-1,Layer6
AAGAGATGAATCGGTA-1,Layer4
AAGAGCTCTTTATCGG-1,Layer6
AAGAGGATGTACGCGA-1,Layer6
AAGAGGCATGGATCGC-1,Layer5
AAGAGGCCCTTTGGAA-1,Layer3
AAGATGGCACCGGACC-1,WM
AAGATTGGCGGAACGT-1,Layer4
AAGCACCCTGCGTATC-1,Layer5
AAGCATACTCTCCTGA-1,Layer6
AAGCCGAAGCGGTTTA-1,Layer3
AAGCCGCCGTGAAATC-1,WM
AAGCGCAGGGCTTTGA-1,Layer5
AAGCGGCGTCATGGGT-1,Layer3
AAGCGTCCCTCATCGA-1,WM
AAGCTAGATCGAGTAA-1,Layer6
AAGCTCGTGCCAAGTC-1,Layer6
AAGCTCTTTCATGGTG-1,Layer5
AAGGAGAACTTATAAG-1,Layer1
AAGGAGCGGTTGGTGC-1,Layer5
AAGGATCGATCGCTTG-1,Layer3
AAGGATGAGGGACCTC-1,Layer5
AAGGCAGGCTGTCTCC-1,Layer2
AAGGCGCGTAAAGCTT-1,Layer4
AAGGCTGTGCTCATCG-1,Layer5
AAGGGAACGACTGGCT-1,WM
AAGGGACAGATTCTGT-1,Layer4
AAGGGACTATGCATTC-1,WM
AAGGTATCCTAATATA-1,Layer5
AAGGTGATAAACCAGC-1,Layer5
AAGTAAGCTTCCAAAC-1,Layer1
AAGTAGAAGACCGGGT-1,Layer4
AAGTAGTGACGCGAGG-1,Layer5
AAGTCAATTGTCGTCA-1,Layer3
AAGTGACGACCGAATT-1,Layer6
AAGTGAGTCGGGTTTA-1,WM
AAGTGCAAAGGTAGAC-1,Layer3
AAGTGCCTTGACTGTA-1,Layer3
AAGTGCGTTAGAATCT-1,WM
AAGTGCTTCTCTATTG-1,WM
AAGTGTTTGGAGACGG-1,Layer5
AAGTTCACTCCAAGCT-1,Layer4
AAGTTCAGTCTGCGTA-1,Layer3
AAGTTCGGCCAACAGG-1,WM
AAGTTGTGATGTTATA-1,
AAGTTTACTAATGGCA-1,Layer2
AAGTTTATGGGCCCAA-1,Layer5
AATAACAACGCTCGGC-1,Layer5
AATAACACTAGAACAA-1,WM
AATAAGTCCTCGAGAC-1,Layer3
AATACAATGTTTCAGG-1,Layer3
AATACCGGAGGGCTGT-1,WM
AATACCTGATGTGAAC-1,
AATAGAACAGAGTGGC-1,WM
AATAGAATCTGTTTCA-1,Layer5
AATAGCTACCGCGTGC-1,Layer2
AATAGTCCGTCCCGAC-1,Layer6
AATATCAAGGTCGGAT-1,Layer1
AATATCGAATCAATGC-1,Layer3
AATATCGAGGGTTCTC-1,Layer3
AATATTGGAGTATTGA-1,Layer5
AATCAGACTGCAGGAC-1,Layer1
AATCATGTAAAGACTC-1,Layer3
AATCCAAGGGCCTGAG-1,Layer3
AATCCATGCAAGGGTG-1,Layer1
AATCGCCTCAGCGCCA-1,Layer5
AATCGCGCAGAGGACT-1,Layer2
AATCGGGACACTACGA-1,Layer3
AATCGGTATAGCCCTC-1,
AATCGTGAGCCGAGCA-1,Layer3
AATCTAGGTTTACTTG-1,WM
AATCTATGCCGGAGCC-1,Layer3
AATCTCTACTGTGGTT-1,Layer5
AATCTGCGTTGGGACG-1,Layer4
AATCTGGCTTTCTAGT-1,WM
AATCTGGGTAGACCCT-1,Layer3
AATGACAGCAATGTCT-1,WM
AATGACGTAGGATGTC-1,Layer5
AATGACTGTCAGCCGG-1,Layer5
AATGAGTTCGCATATG-1,Layer2
AATGATGATACGCTAT-1,Layer4
AATGATGCGACTCCTG-1,Layer3
AATGCAACCGGGTACC-1,Layer5
AATGCACCAAGCAATG-1,Layer3
AATGGTCCACCGTTCA-1,Layer3
AATGGTTCTCACAAGC-1,Layer3
AATGTATGGCACTGTA-1,WM
AATGTGCCCGAGGTGT-1,WM
AATGTGCTAATCTGAG-1,WM
AATTAAAGGTCGGCGT-1,Layer6
AATTAACGGATTTCCA-1,Layer6
AATTACGAGACCCATC-1,WM
AATTACTCGTACGCTC-1,Layer1
AATTAGCGCTGCAGCG-1,Layer6
AATTCATAAGGGATCT-1,Layer4
AATTCATTGTCATGCA-1,WM
AATTCCAAGCATGTAC-1,Layer6
AATTCGATTCGAGGAT-1,Layer5
AATTCTAGAGTTAGGC-1,Layer6
AATTGAACGCTCTGGT-1,Layer5
AATTGCAGCAATCGAC-1,Layer3
AATTGCGTGGATTACA-1,WM
AATTTGGGACATAGTA-1,Layer3
AATTTGGTTCCAAAGA-1,Layer3
ACAAACCATGCGTCCT-1,WM
ACAAACCGACAAGGCG-1,Layer2
ACAAAGCATGACCTAG-1,Layer3
ACAAATCGCACCGAAT-1,Layer5
ACAAATGGTAGTGTTT-1,Layer5
ACAAATTCAGATCTGA-1,Layer1
ACAACAGCATGAGCTA-1,Layer6
ACAACGGTCCCTGCGA-1,Layer3
ACAAGCAGTGCCTAGC-1,Layer5
ACAAGGAAATCCGCCC-1,Layer5
ACAAGGACAAGAGGTT-1,Layer5
ACAAGGATGCTTTAGG-1,Layer3
ACAAGGGCAGGCTCTG-1,Layer6
ACAATAGTCGTACGTT-1,Layer6
ACAATCCATTTAAACC-1,Layer5
ACAATCGATCTTTATA-1,Layer1
ACAATGAATACGGAGA-1,WM
ACAATTGTGTCTCTTT-1,Layer3
ACAATTTGAGCAGTGG-1,Layer5
ACACAAAGACGGGTGG-1,Layer5
ACACACCAGGACCAGT-1,Layer5
ACACACTTTCTACACG-1,Layer3
ACACATGATCAAATCT-1,WM
ACACATTGACGCAACA-1,Layer1
ACACCCAGCATGCAGC-1,Layer5
ACACCCGAGAAATCCG-1,Layer3
ACACCGGTCTGACCGC-1,WM
ACACCTTAAGTAGGGC-1,Layer5
ACACCTTACTACTTGC-1,Layer3
ACACGAGACTCCTTCT-1,Layer6
ACACGGCACTATGCAT-1,Layer3
ACACGGGAACTTAGGG-1,Layer6
ACACGTAGGCCACAAG-1,Layer3
ACACTCCAATGTCACT-1,Layer2
ACACTGATCAAGGTGT-1,WM
ACACTGGGACAGTCGT-1,Layer2
ACAGAACTGAGAACAA-1,WM
ACAGATTAGGTTAGTG-1,Layer3
ACAGCATAGAGCCAGT-1,Layer3
ACAGCGACATTCTCAT-1,Layer3
ACAGCGCACCCGCAGC-1,Layer3
ACAGGCTTGCCCGACT-1,Layer5
ACAGGTGGAGGTGAGG-1,WM
ACAGTAATACAACTTG-1,Layer6
ACATAAGTCGTGGTGA-1,WM
ACATAATAAGGCGGTG-1,Layer5
ACATCAGCTGGGACGC-1,Layer4
ACATCCCGGCCATACG-1,Layer6
ACATCCTGGTAACTGT-1,Layer3
ACATCGATCGTTTACC-1,Layer6
ACATCGGTCAGCCGCG-1,Layer6
ACATCGTATGCAATGG-1,Layer5
ACATCGTTAACCTAGT-1,Layer3
ACATCTCAACGCGTAA-1,Layer3
ACATGGCGCCAAAGTA-1,Layer3
ACATGGCTCAATTTAG-1,Layer1
ACATTAGTTTATATCC-1,Layer6
ACCAAACTAGAAATCC-1,Layer3
ACCAACACCACACACT-1,Layer2
ACCAACCGCACTCCAC-1,Layer3
ACCAACGCTTATTTAT-1,WM
ACCAAGAACGCGTGTC-1,Layer4
ACCAATATGCAAGTTA-1,Layer5
ACCACAACTCAGAACA-1,Layer3
ACCACAAGTTTCTATC-1,Layer6
ACCACCAATGTAACAA-1,Layer3
ACCACGTGCAGCTATA-1,Layer5
ACCACTGTTCAAGAAG-1,Layer1
ACCAGCCCGGTCTTTG-1,Layer3
ACCAGGAGTGTGATCT-1,Layer1
ACCAGTGCCCGGTCAA-1,Layer2
ACCAGTGCGGGAGACG-1,Layer4
ACCATATCCGCAATAA-1,Layer6
ACCATCCGCCAACTAG-1,Layer5
ACCATCGTATATGGTA-1,Layer6
ACCCAACGCCCGTGGC-1,Layer5
ACCCACCTACATGCTC-1,Layer3
ACCCATCTTGAGGGTA-1,Layer6
ACCCATTTGTCCCTCT-1,Layer3
ACCCGAGCGAAATTAC-1,WM
ACCCGGAAACTCCCAG-1,Layer6
ACCCGGATGACGCATC-1,Layer3
ACCCGGTTACACTTCC-1,Layer6
ACCCGTGTCATCAGTA-1,Layer6
ACCCTATAGGACTGAG-1,Layer1
ACCCTATGCCATATCG-1,WM
ACCCTCCCTTGCTATT-1,Layer5
ACCCTTCATCTGCGAA-1,Layer3
ACCCTTTAGTTCTCCA-1,Layer3
ACCGAAAGGGCCCTGC-1,Layer3
ACCGAAGAGTCTGGTT-1,WM
ACCGACACATCTCCCA-1,Layer6
ACCGACTGAGTCCCAC-1,Layer6
ACCGATGGTAGCATCG-1,Layer5
ACCGCAATAACTGCCT-1,Layer5
ACCGCGGTGGAAGTCG-1,Layer3
ACCGGGCCTTTGTTGA-1,Layer3
ACCGGTCAGGTACACC-1,WM
ACCGGTCTGAGTACGG-1,Layer1
ACCGTCCACTGGGCCC-1,WM
ACCGTGACCACGTGGG-1,WM
ACCGTTCCCGCTCTGA-1,Layer3
ACCTAAGTACCTTTCA-1,WM
ACCTAATCGACTTCCT-1,Layer5
ACCTACAGTATGTGGT-1,Layer3
ACCTACTATAAATCTA-1,Layer6
ACCTCCGCCCTCGCTG-1,Layer3
ACCTCCGTTATTCACC-1,Layer3
ACCTCGAACTTATGCT-1,WM
ACCTGCGTGTCATGTT-1,Layer6
ACCTTTCCTTTAGAAG-1,Layer1
ACGAAATGGGCGGCAC-1,Layer5
ACGACTGGTCATACTC-1,WM
ACGAGAACCCATCACG-1,Layer1
ACGAGATATTTGCTTA-1,Layer3
ACGAGGATACCACTCT-1,Layer6
ACGAGGTTTACAACGT-1,WM
ACGAGTACGGATGCCC-1,Layer3
ACGATACATAGAACTA-1,Layer5
ACGATCATACATAGAG-1,Layer5
ACGATCATCTTGTAAA-1,Layer3
ACGATGCATATGTTAT-1,Layer6
ACGATGGATCCGATGC-1,Layer3
ACGCAAACTAATAGAT-1,WM
ACGCAATCACTACAGC-1,Layer3
ACGCATACGTTTACTA-1,Layer3
ACGCATTCGTGAGTAC-1,Layer6
ACGCCAGATGATTTCT-1,Layer4
ACGCCCAGCTGTCGAT-1,Layer3
ACGCCGCTAGACGACC-1,Layer6
ACGCGAAGTCAGACGA-1,Layer6
ACGCGCTACACAGGGT-1,Layer6
ACGCGGGCCAAGGACA-1,Layer6
ACGCTAGTGATACACT-1,Layer3
ACGCTGTGAGGCGTAG-1,Layer5
ACGCTTAGTGTCTCTC-1,Layer3
ACGGAATTTAGCAAAT-1,Layer3
ACGGACTCTCAAAGCG-1,Layer5
ACGGAGCGCAAATTAC-1,Layer3
ACGGATGGTGCGGATA-1,Layer5
ACGGCACTTGCTTGGG-1,Layer6
ACGGCCAACATGGACT-1,Layer6
ACGGCGACGATGGGAA-1,Layer5
ACGGCGGGTTGCCCTG-1,Layer1
ACGGCTGGATGTAGAA-1,WM
ACGGGAGTGTCGGCCC-1,Layer6
ACGGGTCATGTGACTT-1,Layer1
ACGTACAGATTTCTCT-1,Layer3
ACGTAGATTGCTGATG-1,Layer6
ACGTATTACTCCGATC-1,Layer3
ACGTCCTAAACGAGAT-1,Layer1
ACGTGCGCCTCGTGCA-1,Layer4
ACGTGGTCGAATGTGC-1,Layer3
ACGTTAATGTCGAAGA-1,Layer6
ACGTTAGATTTGCCCG-1,Layer6
ACGTTCCGCGCTCCGT-1,Layer3
ACGTTCGCAATCAATT-1,Layer2
ACGTTCGTTCAGGAAA-1,WM
ACGTTCTGTACAAGTC-1,Layer3
ACGTTTAGTTGTGATC-1,Layer3
ACTAATACGTCAGGCG-1,Layer2
ACTACATCCCGACAAG-1,WM
ACTACCAGCTCTCTGG-1,Layer5
ACTACGCGTTAGAATT-1,Layer6
ACTAGTTGCGATCGTC-1,Layer3
ACTATATGCTGTGTTC-1,Layer2
ACTATCCAGGGCATGG-1,Layer3
ACTATCTGCCCGCGTA-1,Layer2
ACTATGTCCAGCTGCC-1,WM
ACTATTCGTCCGTGGT-1,Layer3
ACTATTTCCGGGCCCA-1,WM
ACTCAACGAATGTATT-1,Layer1
ACTCAAGTGCAAGGCT-1,Layer4
ACTCAATAAAGGCACG-1,Layer5
ACTCAGACCTGCTTCT-1,Layer2
ACTCATGGCAGCCTTC-1,WM
ACTCCAATATCATCAT-1,WM
ACTCCCATTCCTAAAG-1,Layer6
ACTCCCGAATTCGTTT-1,Layer3
ACTCCCTAATGCTAAA-1,Layer6
ACTCCCTAGAATAGTA-1,Layer6
ACTCGCCGTTCGATAA-1,
ACTCGTAACCCGTCCT-1,WM
ACTCGTCAGTAATCCC-1,Layer5
ACTCTCTGACTTAGGT-1,Layer5
ACTCTCTTATACACGA-1,Layer3
ACTCTTGTATAGTAAC-1,Layer6
ACTGAAACGCCGTTAG-1,Layer3
ACTGAATGGCGAAAGT-1,Layer5
ACTGATTTAGTGATTC-1,Layer3
ACTGCCCGCCATTCTC-1,WM
ACTGCCGTCGTAACTC-1,Layer4
ACTGCTCGGAAGGATG-1,WM
ACTGTACGATACACAT-1,Layer5
ACTGTAGCACTTTGGA-1,Layer5
ACTGTATACGCGAGCA-1,Layer2
ACTGTCCAGGATTATA-1,Layer6
ACTGTCTTCTTTAGAA-1,Layer6
ACTGTGCTAGTAGATC-1,Layer2
ACTGTTTAGTGTAGGC-1,Layer1
ACTTACCGGGCGCGCA-1,Layer3
ACTTACGCATCCACGC-1,Layer5
ACTTAGTACGACAAGA-1,Layer3
ACTTATACTTACCCGG-1,Layer5
ACTTATCTGATCTATA-1,Layer1
ACTTATTAGGATCGGT-1,Layer6
ACTTATTTATGTGCCA-1,Layer5
ACTTCAGGCTGATCCC-1,Layer5
ACTTCCATGCGGGACA-1,Layer4
ACTTCGCCATACGCAC-1,Layer5
ACTTGACTCCCTCTTT-1,Layer6
ACTTGCCATATTGTAC-1,Layer1
ACTTGGGACCCGGTGG-1,Layer5
ACTTGTAGTCCCTTCA-1,Layer5
ACTTGTGGATGGAACG-1,Layer3
ACTTTACCCTCATGAA-1,Layer3
ACTTTCCTATAGCTTC-1,Layer6
ACTTTGACTGCATCCT-1,Layer5
ACTTTGGTCGTGCTCC-1,WM
AGAAATTATGACTCGC-1,Layer2
AGAACCCTCAATTGGG-1,WM
AGAACGTGGTACATTC-1,Layer5
AGAAGAGCGCCGTTCC-1,Layer5
AGAAGGTACACTTCAC-1,WM
AGAAGGTTGCCGAATT-1,Layer6
AGAAGGTTGTAGGTCG-1,Layer5
AGAAGTGATTCGTGAT-1,WM
AGAATAAATCTTCAGG-1,Layer5
AGAATGCGGGTTCGGA-1,Layer1
AGAATTATGGATTCGA-1,Layer3
AGAATTGTTTGACATA-1,Layer3
AGACATAGATCCTTCC-1,Layer2
AGACCAAACCACACCT-1,Layer6
AGACCATGGGATACAA-1,Layer3
AGACCCACCGCTGATC-1,Layer6
AGACCCGCCCTCCTCG-1,Layer5
AGACCGCTCCGCGGTT-1,Layer3
AGACCGGGAAACCCTG-1,Layer5
AGACGAAGTGCCGGTC-1,Layer3
AGACGACGATGCCGCT-1,WM
AGACGGGATTGGTATA-1,Layer2
AGACGGGCCGATTTAA-1,Layer2
AGACTAGCCTTCCAGA-1,Layer5
AGACTGTTACCGGGTC-1,WM
AGAGAAACACCAGAAA-1,WM
AGAGAACCGTCTAGGA-1,Layer5
AGAGAAGGAGTACAAT-1,WM
AGAGATCTCTAAAGCG-1,Layer5
AGAGCAGTTATGAGAC-1,Layer4
AGAGCCGCCGAGATTT-1,Layer2
AGAGCGGGCTAATCAT-1,Layer4
AGAGCGTACAAGCTCG-1,Layer3
AGAGGCTTCGGAAACC-1,Layer3
AGAGGTATCTCGGTCC-1,Layer1
AGAGTAAACTTCACTA-1,Layer3
AGAGTTAGAGACCGAT-1,Layer2
AGATAACTTCAGGGCC-1,Layer5
AGATACCGGTGTTCAC-1,Layer6
AGATACGACTTCATAT-1,Layer3
AGATACTCAAGATCGA-1,Layer5
AGATATAATACGACTA-1,Layer5
AGATCGTGCATAAGAT-1,Layer3
AGATCTCAGGTGTGAT-1,Layer6
AGATGACTCGCCCACG-1,Layer5
AGATGAGGGTTGCGAT-1,Layer3
AGATGATGGAGTCTGG-1,Layer3
AGATGCAAGACGTGCA-1,WM
AGATGCTATAACGAGC-1,Layer1
AGATTATAGGACGTTT-1,Layer6
AGATTCACAACCGATA-1,WM
AGCAAAGGCCGCTAGT-1,Layer5
AGCAACATATCTTATT-1,Layer4
AGCAACCGAAAGTAAT-1,WM
AGCACACGTTTAGACT-1,WM
AGCACCAGTACTCACG-1,Layer6
AGCACTACCGGCCTGT-1,Layer5
AGCACTACCTCACCAG-1,Layer5
AGCACTTAAGGACGCC-1,Layer5
AGCAGAAGGAGAAAGA-1,Layer6
AGCAGCCAGATGAATA-1,Layer6
AGCATATCAATATGCT-1,Layer3
AGCATCATTTCGAAAG-1,WM
AGCATCGTCGATAATT-1,Layer5
AGCATTACGAGGCAAG-1,
AGCCAAGCTTTGTGTC-1,Layer6
AGCCACAGGTTACCCG-1,Layer3
AGCCACTCCCGTGCTT-1,Layer5
AGCCCATACATGTAAG-1,Layer6
AGCCCGGCATTAGAGG-1,WM
AGCCCGGTAGCCTGTA-1,Layer6
AGCCCTAAGCGAAGTT-1,Layer3
AGCCCTCCCTGGTGGC-1,WM
AGCCCTTCTAATCCGA-1,Layer3
AGCCGTGGCTAAATGT-1,WM
AGCCTAATACCCACGT-1,Layer6
AGCCTTAAAGCGGAAG-1,Layer3
AGCGACAGGAACGGTC-1,WM
AGCGACATCCCATTCA-1,Layer4
AGCGACCAACGATATT-1,Layer5
AGCGAGACGTGAAGGC-1,WM
AGCGATGCGCCTAATA-1,Layer3
AGCGCATAATGAATCG-1,Layer6
AGCGCGGGTGCCAATG-1,Layer4
AGCGCTTATGGGCAAG-1,Layer3
AGCGGACACTTCGTAG-1,Layer6
AGCGGCGGTTAGCGGT-1,Layer6
AGCGGGAAGGGTCCAT-1,Layer3
AGCGGGTCTGACACTC-1,Layer6
AGCGGTTGAGATGTAC-1,Layer2
AGCGTAGCGCTAGACC-1,Layer1
AGCGTCTGAACCCGCA-1,Layer1
AGCGTGGTATTCTACT-1,Layer6
AGCGTTCCGATTTAAA-1,Layer3
AGCTAACAAGCAATGT-1,WM
AGCTAAGTACGCAGGC-1,Layer3
AGCTAGAAGCAGAAGT-1,Layer3
AGCTATTTAATCCAAC-1,Layer4
AGCTCCATATATGTTC-1,Layer3
AGCTCCTTCGCACATC-1,Layer5
AGCTCTAGACGTTCCA-1,Layer6
AGCTCTTCCCAGTGCA-1,Layer4
AGCTCTTCGTAACCTT-1,Layer3
AGCTCTTTACTCAGTT-1,Layer6
AGCTGAAGTAAACCAA-1,Layer5
AGCTGTAACCTCAATC-1,WM
AGCTTATAGAGACCTG-1,Layer1
AGCTTCAATACTTTGA-1,Layer2
AGCTTGATCTTAACTT-1,Layer6
AGGAAAGCCTCTGATG-1,Layer1
AGGAAGCTGTCCGCCG-1,Layer6
AGGACAGTCGAATCCC-1,Layer5
AGGACATCGCACGTCG-1,Layer3
AGGACGACCCATTAGA-1,WM
AGGACGCTCGATGTTG-1,Layer3
AGGAGGCCTTCGCGCG-1,Layer3
AGGATAAAGTCGGGAT-1,Layer6
AGGATATAGGGATTTA-1,Layer4
AGGATCACGCGATCTG-1,Layer6
AGGCAAAGAGGAATCA-1,Layer1
AGGCACGTGACTGTCC-1,Layer2
AGGCAGATGCGTAAAC-1,Layer5
AGGCAGGGAGCGTACT-1,WM
AGGCATTGTCGTAGGG-1,Layer3
AGGCCACCCGTTATGA-1,Layer5
AGGCCCATTGTACAGG-1,Layer3
AGGCCCTAGAACGCCA-1,Layer6
AGGCCTGAGAATCTCG-1,Layer3
AGGCGGTTTGTCCCGC-1,WM
AGGCGTCTATGGACGG-1,Layer2
AGGCTATGGTTAGCTT-1,Layer4
AGGCTTCCCGAAGAAG-1,WM
AGGCTTGCTAGACACC-1,Layer3
AGGGAAACGAGGTACT-1,Layer3
AGGGACAGCACGGCGG-1,Layer1
AGGGACCGGCTGCGTT-1,Layer3
AGGGACTCTACGCGAC-1,Layer6
AGGGAGACATACTTCG-1,Layer2
AGGGCAGCGGCGTGGT-1,Layer3
AGGGCGAGCAGCTGAT-1,Layer6
AGGGCGTGATCGGCTA-1,Layer3
AGGGCTGCAGTTACAG-1,Layer6
AGGGTCAGAGCACTCG-1,WM
AGGGTCGATGCGAACT-1,Layer3
AGGGTGCCGTTCTTTA-1,WM
AGGGTGCTCTCGAGGG-1,Layer5
AGGGTGGATAGTGCAT-1,Layer3
AGGGTTCCCTTTGGTT-1,Layer5
AGGGTTTAGTTCGGGA-1,Layer6
AGGTAACCTCCTATTC-1,Layer3
AGGTACGATATTGCCA-1,Layer3
AGGTAGATCGAGATAT-1,WM
AGGTAGGTACAAAGCT-1,Layer5
AGGTATAATTGATAGT-1,Layer3
AGGTCAGGTGAGAGTG-1,Layer6
AGGTCGCCACTTCGGT-1,Layer1
AGGTCGCGGAGTTACT-1,Layer3
AGGTGGTGACCTTCGC-1,Layer6
AGGTGTATCGCCATGA-1,Layer5
AGGTTACACCATGCCG-1,Layer2
AGGTTCTCCTTTCCGG-1,WM
AGGTTGAGGCACGCTT-1,Layer5
AGGTTTCACACACCTT-1,Layer6
AGTAACGTTCATCCTG-1,Layer3
AGTAACTATAGCAGCC-1,
AGTAATGTCTTGCCGC-1,Layer4
AGTAATTTGCAAGCGT-1,WM
AGTACATCATTTATCA-1,Layer3
AGTACCTTCGAGTGCT-1,Layer1
AGTACGGCCCGTATCG-1,Layer5
AGTACGGGCACCTGGC-1,Layer5
AGTACGTGGCCTGTCT-1,Layer3
AGTACTCTTATGCCCA-1,Layer4
AGTAGAAGGCGCCTCA-1,Layer6
AGTAGCGTGAACGAAC-1,Layer3
AGTAGCTAGACGCCGA-1,Layer1
AGTAGGAAGGAAGTTG-1,Layer3
AGTAGGTAACATACAT-1,Layer3
AGTATAATACTAGGCA-1,Layer4
AGTATACACAGCGACA-1,Layer6
AGTATCCATAATAACG-1,Layer1
AGTATGCTGGAGACCA-1,WM
AGTATTTGGCACGACC-1,Layer6
AGTCAAATGATGTGAT-1,WM
AGTCAACACCACCATC-1,Layer6
AGTCAAGATGACACTT-1,Layer5
AGTCACTAGCTCTCGA-1,Layer3
AGTCACTCCGCCTCAT-1,Layer1
AGTCAGCCACCGCCTG-1,Layer3
AGTCCAGCGGGTACGT-1,Layer1
AGTCCATTGGCTGATG-1,Layer3
AGTCCCGCCTTTAATT-1,Layer3
AGTCGACGGTCTCAAG-1,Layer5
AGTCGGCCCAAACGAC-1,Layer5
AGTCGGCTCAACTTTA-1,Layer6
AGTCGGTTGCGTGAGA-1,Layer3
AGTCGTATAAAGCAGA-1,Layer4
AGTCGTCGACCACCAA-1,Layer3
AGTCGTGGGCATTACG-1,WM
AGTCTAAAGTATACTC-1,Layer3
AGTCTCACAAGACTAC-1,WM
AGTCTGGACATCCTTG-1,Layer3
AGTCTTCTCCTCAAAT-1,Layer5
AGTCTTTAAAGTGTCC-1,Layer5
AGTGAACAAACTTCTC-1,Layer3
AGTGACCTACTTTACG-1,WM
AGTGACTGTGACACAA-1,WM
AGTGAGACTTCCAGTA-1,Layer5
AGTGAGCCTCGCCGCC-1,Layer3
AGTGAGGGTTTCTGAC-1,Layer3
AGTGATAACCTGCGCG-1,Layer3
AGTGATATGAGTAGTT-1,WM
AGTGATTCAAGCAGGA-1,Layer5
AGTGCACGCTTAAGAA-1,Layer3
AGTGCGTAGCTCGTAA-1,WM
AGTGCTAAACACAGCA-1,Layer3
AGTGCTTGCACGAATA-1,Layer5
AGTGGCGGCAATTTGA-1,Layer4
AGTGGCGTCTGAAGGT-1,Layer3
AGTGGCTCCGTCGGCC-1,Layer5
AGTGGTGTTACCCGTG-1,Layer6
AGTGTATTGCGCATTG-1,Layer3
AGTGTGCTAAGATCGC-1,Layer1
AGTGTGGTCTATTGTG-1,Layer3
AGTTAAACACTTGCGA-1,Layer6
AGTTAAGCGGTCCCGG-1,Layer4
AGTTAAGTCAACCGCT-1,WM
AGTTACCGCACATGGT-1,Layer3
AGTTACTCTATCGTGG-1,Layer3
AGTTATTGAAAGGTAA-1,Layer3
AGTTCCTACAGAATTA-1,Layer5
AGTTCCTATTTATGTT-1,Layer6
AGTTCTGCGTTGTATC-1,Layer1
AGTTGACATCGGCTGG-1,Layer1
AGTTGACGGTCCTTGC-1,Layer6
AGTTGCTGACTGATAT-1,Layer2
AGTTTCGCAGGTCGGA-1,Layer3
AGTTTGCACCTGCCTC-1,Layer5
AGTTTGGCACGGGTTG-1,Layer3
AGTTTGGCCAGACCTA-1,WM
ATAAACCATTGGACGG-1,Layer1
ATAAACGGACCCGTAA-1,Layer6
ATAAACGTTGCACCAC-1,Layer3
ATAAAGGCTCGGTCGT-1,Layer6
ATAAAGGTCAAGTACG-1,Layer3
ATAAATATTAGCAGCT-1,Layer5
ATAACGCCGGAGGGTC-1,Layer5
ATAACGGAGTCCAACG-1,Layer5
ATAAGGTGGAGAACAT-1,Layer6
ATAAGTAGGATTCAGA-1,Layer3
ATAAGTAGGGCGACTC-1,Layer3
ATAAGTTACCGCGACG-1,WM
ATAATACCGTTAGCCG-1,Layer2
ATAATAGCTGTTGAAT-1,Layer6
ATAATAGTGTAGGGAC-1,Layer3
ATAATCTTGGAGAACC-1,Layer5
ATAATTAGCTAAGTAG-1,Layer6
ATACAGGCCCTCCAAT-1,Layer5
ATACCACGGGCAACTT-1,Layer5
ATACCAGCAAATTGCT-1,Layer2
ATACCAGGCTAATAGA-1,Layer3
ATACCAGGTGAGCGAT-1,Layer1
ATACCTAACCAAGAAA-1,Layer6
ATACGCCGATCTACCG-1,Layer1
ATACGCCGGCGAAACC-1,Layer5
ATACGGAACGTCGTTT-1,WM
ATACGGGTTTCGATTG-1,Layer5
ATACGGTGAAGATGCA-1,Layer4
ATACGTACTTAGCCAC-1,Layer5
ATACGTCCACTCCTGT-1,Layer4
ATACGTTATGCACGGA-1,Layer6
ATACTACCCGTACCAC-1,Layer3
ATACTAGCATGACCCT-1,Layer5
ATACTCTCGCCACTCT-1,Layer1
ATACTGCCTTACACCG-1,Layer5
ATACTTGTTCTCGAGC-1,Layer3
ATAGACAACGGGACCT-1,Layer4
ATAGACGAAGAGAAAG-1,Layer6
ATAGAGTACTGGGACA-1,Layer5
ATAGAGTTATCAACTT-1,Layer4
ATAGATTTGCAGTCGG-1,Layer2
ATAGCAACTAGGGAAG-1,Layer3
ATAGCCTCAGTACCCA-1,Layer2
ATAGCTGCTCTTGTTA-1,Layer1
ATAGGAATCTAAGCTT-1,Layer1
ATAGGCGGCTATAGAA-1,Layer6
ATAGGCTAGCTTCGCA-1,Layer3
ATAGGGATATCCTTGA-1,Layer5
ATAGGTTGGGCAGATG-1,Layer6
ATAGTCTTTGACGTGC-1,Layer3
ATAGTGAAGCGTTCTC-1,Layer6
ATAGTTCCACCCACTC-1,Layer3
ATATAAAGCGCTCGTG-1,Layer6
ATATAAATGTAGCTGC-1,Layer5
ATATAACACGGGCGCA-1,Layer3
ATATACGCTCGTGACG-1,Layer3
ATATAGAGTATTGGTC-1,WM
ATATCAACCTACAGAG-1,Layer3
ATATCAATTCCAGCCT-1,WM
ATATCGGTAGGGAGAT-1,Layer3
ATATCGTGCCAGACCC-1,Layer3
ATATCGTTCCTCGAAC-1,Layer3
ATATCTCCCTCGTTAA-1,Layer4
ATATCTTAGGGCCTTC-1,Layer6
ATATGTCTCCCTAGCC-1,Layer3
ATATTCAGTTAAACCT-1,WM
ATATTCCACATAGTGA-1,Layer5
ATATTCCCACAGGTCA-1,Layer3
ATATTGCTGTCAAAGT-1,Layer3
ATATTTAACCCTCAAG-1,Layer6
ATCAAACACTGTTCCA-1,Layer3
ATCAAACGAAGGTTTG-1,WM
ATCAATCTGGGCTGCA-1,Layer6
ATCAATGCCGTGGCTG-1,WM
ATCACATTAGAATATC-1,Layer5
ATCACGTGCTAATTAA-1,WM
ATCACTTCATCCTCGC-1,Layer5
ATCAGACGGCACGCCG-1,WM
ATCAGCCTCATGCTGC-1,Layer4
ATCAGCTCGTCCACTA-1,Layer6
ATCAGGTCGCCATTGC-1,Layer3
ATCAGTAGGCAGGGAT-1,Layer5
ATCATAGCCCTATGTA-1,Layer3
ATCATCCAATATTTGT-1,Layer6
ATCATCTGCCCAGTGT-1,Layer3
ATCCAACGCAGTCATA-1,Layer5
ATCCAATGGAGGGTCC-1,Layer6
ATCCACATCGACAGAA-1,Layer5
ATCCACGCTAAATGTT-1,Layer3
ATCCAGAGCAACAACC-1,Layer6
ATCCAGGATTCGTGAA-1,Layer6
ATCCCATCCACAGCGC-1,WM
ATCCTACCTAAGCTCT-1,WM
ATCCTGAATCGCTGCG-1,Layer5
ATCCTGCGTGGAATGG-1,WM
ATCCTGCTGCAGATAG-1,Layer1
ATCGACCCAATACAGA-1,Layer6
ATCGACTCTTTCCGTT-1,Layer5
ATCGCACGATTGTTCA-1,Layer1
ATCGCACGCCGGGAGA-1,Layer5
ATCGCCAGTCAACATT-1,Layer3
ATCGCTGCGTGCAGCA-1,Layer2
ATCGGAGACAGACGGC-1,Layer5
ATCGGCAAGCAGTCCA-1,Layer3
ATCGTGGAAAGTCTGG-1,WM
ATCGTTAGCTAGCGGA-1,Layer3
ATCGTTCACTTTCGCC-1,Layer3
ATCTAATATCCTACGG-1,Layer6
ATCTAGCTTGTGAGGG-1,Layer6
ATCTCCCACGGAATAT-1,Layer3
ATCTCCCTGCAATCTA-1,Layer4
ATCTCGTGAGCGAAAC-1,Layer2
ATCTGACATGGAAGGA-1,WM
ATCTGATAGTGTCTTA-1,Layer1
ATCTGCACCTCTGCGA-1,Layer3
ATCTGCTGTTATCGCC-1,Layer6
ATCTGGGCTGTTCTTG-1,Layer6
ATCTGGTTAAGACTGT-1,Layer5
ATCTGTAATTGTACCC-1,Layer3
ATCTTAGGGCATTAAT-1,WM
ATCTTATCGCACACCC-1,Layer3
ATCTTGACCTGCAACG-1,Layer5
ATCTTGACTTGTCCAA-1,Layer3
ATGAAGCCAAGGAGCC-1,Layer5
ATGACGCCGGCTCTAA-1,Layer4
ATGACGCGTTCTATCC-1,WM
ATGACTATCAGCTGTG-1,WM
ATGACTATGCGACATT-1,Layer5
ATGAGGAGTGTTAATC-1,Layer4
ATGATCGGGAATAGAC-1,Layer4
ATGATGCAATGGTACA-1,WM
ATGCACGCGCTGTTCA-1,WM
ATGCACTACCGCATTG-1,Layer5
ATGCATGATCCAGGAT-1,Layer5
ATGCATTCCGTGATGG-1,Layer1
ATGCCAATCGCTCTGC-1,Layer3
ATGCCATTTGCGACCA-1,Layer5
ATGCCGGTCTTGCATA-1,Layer6
ATGCCGGTTGATGGGA-1,Layer5
ATGCGACAATTGGTCC-1,Layer2
ATGCGACAGTCCCATT-1,Layer6
ATGCGAGTCCCACCAC-1,Layer3
ATGCTCAGTGTTGCAT-1,Layer3
ATGCTCTGGCGCGGTA-1,Layer5
ATGCTTAGGAGTTGAT-1,Layer2
ATGGAAATTTAAGGAG-1,WM
ATGGAGCAGGCCGTGA-1,Layer6
ATGGATCCGGCGTCCG-1,Layer5
ATGGATTGACCAAACG-1,Layer6
ATGGCAGCATTACGAT-1,WM
ATGGCTGGAAATGGCC-1,Layer3
ATGGGAACGGAAGCGG-1,Layer3
ATGGGACCTGCTGAAC-1,WM
ATGGGCCTCGGCCTCT-1,Layer5
ATGGGTGTATACCTCC-1,WM
ATGGTATTTACTGATT-1,WM
ATGGTCGCGTGGTTTC-1,Layer5
ATGGTGCTCAAAGCCA-1,Layer1
ATGTAAGGCTGCTCTT-1,Layer3
ATGTACATGCGGTGAG-1,Layer2
ATGTACGATGACGTCG-1,Layer6
ATGTAGCGCGCGTAGG-1,Layer5
ATGTGAAAGCCTAATG-1,Layer6
ATGTGCATCCGACGCA-1,Layer5
ATGTGGACATCTTGAT-1,Layer6
ATGTGTAGTTTAGTCA-1,Layer2
ATGTTACGAGCAATAC-1,Layer3
ATGTTCGTCGACCCAC-1,Layer5
ATGTTGTAGTCTGTTT-1,Layer6
ATTAAACATGCGGACC-1,Layer6
ATTAATACTACGCGGG-1,Layer5
ATTAATGAACCAGTCG-1,Layer5
ATTAATTCGGTCACTC-1,Layer3
ATTACAACTACCGGCC-1,Layer3
ATTACATGTCAGTCTT-1,Layer3
ATTACCACACTGCCTG-1,Layer2
ATTACGCGCTGGCAGG-1,Layer6
ATTACTAGCCTCTTGC-1,Layer3
ATTACTTACTGGGCAT-1,Layer3
ATTAGATTCCTCAGCA-1,Layer3
ATTAGATTGATAGCGG-1,Layer4
ATTAGGCGATGCTTTC-1,Layer6
ATTATACTTTGCTCGT-1,Layer5
ATTATAGCTACTTTAC-1,Layer2
ATTATCTCGACAGATC-1,Layer3
ATTATGAGACCCAATT-1,WM
ATTATGCCATAGGGAG-1,Layer5
ATTATTATGTCCGTCA-1,WM
ATTCAAAGTACCTGTT-1,Layer1
ATTCAACCATTTAAGG-1,Layer3
ATTCACTGATGTTGGA-1,Layer6
ATTCAGGACCTATTTC-1,Layer3
ATTCAGGATCGCCTCT-1,Layer3
ATTCAGTAGCAGGGTC-1,Layer4
ATTCATATACTGTCCA-1,Layer6
ATTCATCGTTGAGGCA-1,Layer3
ATTCCCACATAAACAA-1,Layer3
ATTCCTAAGACGTGGA-1,Layer2
ATTCCTCCGCCAGTGC-1,Layer4
ATTCCTTCCAGGCGGT-1,Layer1
ATTCGACGCCGGGCCT-1,Layer5
ATTCGTGCTATCTCTT-1,Layer3
ATTCTCGTCTCTTTAG-1,Layer3
ATTCTGAGTATGAACT-1,Layer3
ATTCTTCGTACTTATG-1,Layer3
ATTGAAGATCTTAGTG-1,Layer6
ATTGACGTAACTCGGT-1,Layer3
ATTGATAGCAACGAGA-1,Layer1
ATTGATCACCACATTT-1,Layer6
ATTGATGAGTCCTAAC-1,Layer3
ATTGCCTATTAGACCG-1,WM
ATTGCCTTTATGTTTG-1,Layer4
ATTGCGATCAGTAACT-1,Layer3
ATTGCTGCTCCTCCAT-1,Layer6
ATTGGATTACAGCGTA-1,Layer3
ATTGGGAATATCTTGG-1,Layer3
ATTGGTTGTGCATTAC-1,
ATTGTACAACTCGGCT-1,Layer3
ATTGTCGCAATACCTT-1,Layer3
ATTGTGACTTCGCTGC-1,Layer1
ATTTAACTCGTATTAC-1,Layer3
ATTTACAGTTTACTGG-1,Layer5
ATTTACTAAGTCCATT-1,Layer3
ATTTCATTATTTCGCG-1,Layer3
ATTTCCGGGTTCTGCG-1,WM
ATTTGCCTAGTTACGA-1,Layer1
ATTTGCGCGAGTAGCT-1,WM
ATTTGTCTTGGGAGCT-1,Layer5
ATTTGTTCCAGGGCTC-1,Layer5
CAAACGAGTATCGCAG-1,WM
CAAACGGTCGCACTTT-1,Layer5
CAAACGTGGTCTTGCG-1,Layer3
CAAACTACGATAGAGA-1,Layer3
CAAACTATTGAGCTTC-1,Layer3
CAAACTCGCGACGCCG-1,Layer3
CAAAGATTATTGGGCC-1,WM
CAAATCTCTCACAAGG-1,Layer6
CAAATGCGGAGTGTTC-1,Layer1
CAAATGTCCTTCCGTG-1,Layer6
CAAATTGTCAGCAAGC-1,Layer3
CAACAGAATAACGCTA-1,Layer2
CAACAGTGCCAAACGG-1,Layer2
CAACATGGCCTGATAA-1,Layer1
CAACCTACCGAGCAGT-1,Layer3
CAACGACCCGTTTACA-1,Layer5
CAACGGTTCTTGATAC-1,Layer3
CAACGTGGTGGAGTCT-1,Layer2
CAACTATATCGAATGC-1,Layer3
CAACTCCAACGTTTAG-1,Layer3
CAACTCCGTAACTTGC-1,Layer1
CAACTCCTTGATCCCG-1,Layer3
CAACTGCTCATCCGAT-1,Layer6
CAACTTGTAGTGGGCA-1,Layer2
CAAGAGGGCGGAGTAC-1,Layer6
CAAGATATTATAACGT-1,Layer5
CAAGCAACGTCGGAGT-1,Layer5
CAAGCACCAAATGCCT-1,Layer5
CAAGCGGCACATAATT-1,Layer6
CAAGGATCGCATGTTC-1,Layer6
CAAGGTCCTATAGGCT-1,Layer3
CAAGTGAACTTTGGTT-1,Layer2
CAAGTGTGGTTGCAAA-1,Layer4
CAATAAACCTTGGCCC-1,Layer5
CAATACGCTCTGAGGC-1,Layer5
CAATATGTAGATTTAC-1,Layer1
CAATATTCTTGACCTA-1,WM
CAATCCATTATCCGTT-1,Layer1
CAATCCCTATACCAGC-1,Layer3
CAATCCTGCCGTGGAG-1,Layer2
CAATGCGAGAAGTATC-1,Layer5
CAATGGAATCTACATA-1,Layer3
CAATGGATCTCTACCA-1,Layer5
CAATGGTCGGCCTGGG-1,Layer2
CAATGTGCCAACCCTT-1,Layer2
CAATTAAGGGTGATGA-1,Layer6
CAATTTCGTATAAGGG-1,Layer6
CAATTTGACCGGGAAG-1,Layer1
CACAAGAAAGATATTA-1,Layer1
CACAAGCTAAGAAAGG-1,WM
CACAATGAGCTGCTAT-1,Layer6
CACACACGCTAACGAG-1,Layer3
CACACAGCTTGCGCTC-1,Layer2
CACACAGGGATAGATT-1,Layer3
CACACGCGCTGTCTTA-1,Layer5
CACACGTTTCAATGGG-1,Layer3
CACACTTGTATTGCGA-1,Layer1
CACAGAGACGAGGACG-1,WM
CACAGCACCCACGGCA-1,Layer6
CACAGCTAGGGAGTGA-1,Layer5
CACAGGGCCATATAGT-1,Layer3
CACAGGGCCGTTGTCA-1,Layer6
CACAGTCCCGCTTCGC-1,Layer2
CACAGTTCGCTTCCCA-1,Layer2
CACATAAGGCGACCGT-1,Layer1
CACATATTAGCAGGAT-1,Layer6
CACATCGTGCACGCGC-1,WM
CACATCTCACCGACGA-1,Layer5
CACATGATTCAGCAAC-1,Layer6
CACATGTTTGGACATG-1,Layer1
CACATTCTTTCGATGG-1,Layer3
CACATTTCTTGTCAGA-1,Layer3
CACCAGTCAGCATGCA-1,WM
CACCATCGGAGGAGAC-1,Layer3
CACCCAAATCTTATGT-1,Layer3
CACCCACACGTCACCC-1,Layer3
CACCCACGAGGCAATT-1,Layer4
CACCCGGTTTGTGACT-1,WM
CACCCTAACAAGATCT-1,Layer5
CACCCTTGGTGAGACC-1,Layer6
CACCCTTTCCTCGCTC-1,Layer1
CACCGATACACCGAGC-1,Layer3
CACCGCCAGAAGGTTT-1,Layer5
CACCGCCGACCAGCGA-1,Layer3
CACCGCGTCCACTCTA-1,Layer3
CACCGGAGATATCTCC-1,Layer3
CACCGGTAGAGACATT-1,WM
CACCGTATCCCATCCG-1,Layer3
CACCGTTAGGGATCAC-1,WM
CACCGTTGCGCGATAT-1,Layer6
CACCTAATAGAGTCGT-1,Layer3
CACCTAATCAGTTTAC-1,Layer5
CACCTCGATGGTGGAC-1,Layer5
CACCTTGCGAAACTCG-1,Layer5
CACCTTGGCGCCTTTG-1,Layer3
CACGAAAGTTAGTCCC-1,Layer5
CACGACCACAGACTTT-1,Layer1
CACGACGTAATAGTAA-1,Layer1
CACGACTAAAGTTCTG-1,Layer1
CACGATTGGTCGTTAA-1,Layer1
CACGCACAGCGCAGCT-1,Layer5
CACGCAGCGAGGCTTT-1,Layer5
CACGCGGAACTGTTGC-1,Layer3
CACGGCGCGCCAAAGG-1,Layer3
CACGGGATTGAGGGTT-1,Layer3
CACGTCGGCAACCTCT-1,WM
CACGTCTATGATGTGG-1,Layer3
CACGTTCGTGCTCTAG-1,Layer5
CACGTTTCGTACACAC-1,Layer4
CACTAAAGTTGCCTAT-1,Layer6
CACTACGGGAGCTGCC-1,Layer3
CACTACTCAGTTCTGT-1,Layer3
CACTCAAGAGCTATGG-1,Layer6
CACTCAGCTCTTGAGG-1,Layer3
CACTCCTATGTAAGAT-1,WM
CACTCCTCTCGGTCGG-1,Layer3
CACTCGAGCTGAACAA-1,Layer6
CACTCGGTTAGGAGGA-1,Layer5
CACTCTTCTGCTAGCC-1,Layer3
CACTGACGATTGTGGA-1,Layer6
CACTGTCCAAGTGAGA-1,Layer3
CACTTAATCAGACGGA-1,Layer6
CACTTCGCCACAGGCT-1,Layer3
CACTTCGTCTTATCTC-1,Layer1
CAGAACTTAGCCCTCT-1,Layer5
CAGAATAACACACGGA-1,Layer3
CAGACACCGATCGCTG-1,WM
CAGACCTGTAAGTGTT-1,Layer3
CAGACGAACCTGATAC-1,WM
CAGAGACGGTCACCCA-1,Layer6
CAGAGCATGAGCTTGC-1,Layer5
CAGAGGCGATGCATGA-1,WM
CAGAGTGATTTAACGT-1,Layer3
CAGATACTAACATAGT-1,Layer5
CAGATATGAAGATGAC-1,WM
CAGATCATTTAAAGTC-1,Layer3
CAGATCCTGGTTTGAA-1,WM
CAGCAGCCCGTTCCTT-1,Layer5
CAGCAGTCCAGACTAT-1,Layer3
CAGCAGTCTGTGCTGC-1,Layer5
CAGCCCTCACAGGCAG-1,Layer2
CAGCCGGGCCCTCTAT-1,Layer3
CAGCCTCCTGCAGAGG-1,Layer5
CAGCCTCTCCTCAAGA-1,Layer3
CAGCGATTCCCTTCAA-1,WM
CAGCTCACTGAGACAT-1,Layer6
CAGCTCGACAAGTTAA-1,Layer5
CAGCTCGTGCTTGTGT-1,Layer3
CAGCTGGCGTAACCGT-1,Layer6
CAGCTTAGTAGGTAGC-1,Layer5
CAGGAAGACTTTATAT-1,Layer3
CAGGATATATCGTTGT-1,Layer6
CAGGATCCGCCCGACC-1,Layer1
CAGGCAGTCTTACCAG-1,Layer3
CAGGCCGTTTGGGTGT-1,Layer6
CAGGCGCACGGTGGTC-1,WM
CAGGCGCCATGCTAGG-1,Layer6
CAGTAACTATTTATTG-1,Layer3
CAGTAATCCCTCCCAG-1,Layer3
CAGTACATTCTCTAAA-1,Layer3
CAGTACCAGTTTACGT-1,Layer6
CAGTAGCCCACGCGGT-1,Layer4
CAGTAGCGAGGTAGTA-1,Layer1
CAGTCGAGGATGCAAT-1,Layer3
CAGTCTCTCGGCTAAT-1,Layer1
CAGTCTGTATACTGGG-1,Layer6
CAGTGAATAAATGACT-1,Layer5
CAGTGGTTGCACATGA-1,Layer3
CAGTGTCCGCAGAATG-1,Layer3
CAGTGTCGGCTGGCCC-1,Layer4
CAGTGTTAATCTCTCA-1,WM
CAGTTCAAATTGACAC-1,Layer5
CAGTTCCGCGGGTCGA-1,Layer4
CATAACGGACAGTCGT-1,Layer4
CATAAGAAGCTTGGCT-1,Layer5
CATAAGCTCTCCGTCT-1,Layer5
CATAATGAGCGGGCGA-1,Layer1
CATACAAAGCCGAACC-1,Layer3
CATACACGGTTCCCAC-1,Layer6
CATACCCGTACCCAGT-1,Layer5
CATACGAACTAGCTGG-1,WM
CATACGGCGTCTGGGC-1,Layer6
CATACGGGTGCATGAT-1,Layer1
CATACTATGTAATTGT-1,Layer6
CATACTTAGGCAATAC-1,Layer3
CATAGCCGCCCGGGAT-1,Layer3
CATAGCGTTGCCCACC-1,WM
CATAGTACATTGAGAG-1,Layer3
CATAGTAGCATAGTAG-1,Layer4
CATAGTCAAATACATA-1,Layer3
CATAGTCCACAAGAAC-1,Layer6
CATATACTACTGATAA-1,Layer3
CATATAGGTACAGTCA-1,Layer6
CATATGTCAGGCTACG-1,Layer6
CATATTATTTGCCCTA-1,Layer3
CATCATCTACCCGGAC-1,Layer3
CATCATTACCCTGAGG-1,Layer3
CATCCAATATAGTTTG-1,WM
CATCCGCAGGCCCGAA-1,Layer1
CATCCTCTCAAAGATC-1,Layer3
CATCGAATGGATCTCT-1,Layer1
CATCGCCCGCGGCCAA-1,Layer3
CATCGGACGGGTTAAT-1,Layer6
CATCTATCCCGTGTCT-1,Layer3
CATCTTACACCACCTC-1,Layer3
CATGAACCGACATTTG-1,Layer3
CATGAACCTCTTATCA-1,Layer3
CATGACTTCGCTGAAT-1,Layer3
CATGAGATGCACTCTC-1,Layer5
CATGATCGCTTTGAGA-1,
CATGATGCACAATTCT-1,Layer5
CATGATGGAAGTTAGC-1,Layer3
CATGCACGTGTTACTG-1,Layer3
CATGCATGGAGACCCT-1,Layer3
CATGCCAACTCGCAAA-1,Layer6
CATGCGACCAGTTTAA-1,Layer3
CATGCGTTAGACAGAA-1,Layer3
CATGCTGGCTCCAATT-1,Layer3
CATGGAAATGGGACCA-1,Layer1
CATGGATTGTCTTCCG-1,Layer3
CATGGCAGGAAGATCG-1,Layer4
CATGGGTATGCCTTAT-1,Layer5
CATGGGTCGGGTGTGG-1,Layer5
CATGGTAAGTAGCGTT-1,Layer6
CATGGTATTAGTTTGT-1,WM
CATGGTCTAGATACCG-1,Layer6
CATGTAAGAGACATTT-1,Layer4
CATGTAGGAGCGCCAA-1,Layer2
CATGTCTCATTTATGG-1,Layer5
CATTACGTCGGCCCGT-1,Layer5
CATTATAACAGGGTCC-1,Layer2
CATTATCCCATTAACG-1,WM
CATTATGCTTGTTGTG-1,Layer5
CATTCACTGACAGCTA-1,Layer3
CATTCAGGTCAGTGCG-1,Layer1
CATTCCCTAAGTACAA-1,Layer1
CATTGCAAAGCATAAT-1,Layer2
CATTGCGAAATGGGCG-1,Layer5
CATTGTGTGCTAGATC-1,Layer1
CATTTAGCGGACCATG-1,Layer5
CATTTATCGTTCAAGA-1,Layer3
CATTTCTAGCAGACTA-1,Layer3
CATTTGAGTGGTACGT-1,WM
CCAAACAGAACCCTCG-1,Layer5
CCAAAGCAGTTGGTTG-1,Layer1
CCAAATAACAAGATTC-1,Layer2
CCAACCTTATGTAACT-1,WM
CCAACGATGCACTGAT-1,Layer5
CCAACGCTTGCCAGGG-1,Layer3
CCAAGAAAGTGGGCGA-1,Layer6
CCAAGACTTCTGCGAA-1,Layer5
CCAAGCGTAACTCGTA-1,Layer6
CCAAGGAACAGAGAGG-1,Layer3
CCAATAGTGCCGTCGA-1,Layer6
CCAATCGGTAGATCGA-1,Layer3
CCAATGTCACAGCAAG-1,Layer6
CCAATTACGGGTCGAG-1,Layer3
CCAATTGAATGTTAAT-1,Layer4
CCACAATGTACGTCTT-1,Layer5
CCACACTGAGATATTA-1,Layer6
CCACAGCTGAAATCAT-1,Layer1
CCACAGTACCCATCCT-1,Layer4
CCACATACTGCACCCA-1,Layer2
CCACCAACTTTACTGT-1,WM
CCACCCAAGGAAAGTG-1,Layer6
CCACGAATTTAACCTC-1,Layer3
CCACGAGAAGAGAATC-1,Layer4
CCACGGAGCCATAAGA-1,Layer6
CCACGGTGCCCGGTAG-1,Layer3
CCACTAAACTGAATCG-1,Layer1
CCACTGGTGGCTGGTT-1,Layer5
CCACTGTTTGGATTAA-1,Layer3
CCAGAAAGCAACTCAT-1,WM
CCAGAGACAAAGCCGG-1,Layer3
CCAGATAGTTGAGTGA-1,Layer5
CCAGCCTGGACCAATA-1,Layer6
CCAGCTACGCCTCATA-1,Layer1
CCAGCTCGAACGCATT-1,Layer6
CCAGCTGATGGTACTT-1,Layer5
CCAGCTTCCGCCCGCA-1,Layer3
CCAGGGACGTGGCCTC-1,Layer5
CCAGTAGTCTGATCCA-1,Layer4
CCAGTCAAATCTCTTA-1,Layer5
CCAGTCCATTATTCGA-1,Layer1
CCAGTCTAGACGGCGC-1,Layer5
CCAGTCTTGTCATAGA-1,Layer6
CCATAAACAACCCGAC-1,Layer3
CCATACCTTTACTTGT-1,Layer3
CCATAGGTTGGCGTGG-1,Layer5
CCATAGTCAGTAACCC-1,Layer2
CCATATGGAAACTATA-1,Layer3
CCATATTGGATCATGA-1,Layer1
CCATCCATACCAAGTC-1,Layer3
CCATCGCAGTTAAACT-1,Layer6
CCATCTCACCAGTGAA-1,Layer3
CCATCTTGTTCACAAT-1,Layer1
CCATGCCCTAGATTTC-1,Layer3
CCATGCCTGTTTAGTA-1,Layer6
CCATGCTCTGCAGGAA-1,Layer4
CCATGGCCCTTGTACC-1,Layer5
CCATGTTCATCTATAT-1,WM
CCATTAGCGATAATCC-1,Layer5
CCATTCCCTGCCCACA-1,Layer5
CCATTTCTACCTATTA-1,Layer6
CCCAAACATGCTGCTC-1,Layer5
CCCAACATACGTCGCG-1,Layer6
CCCAACCACACTAACA-1,Layer3
CCCAAGAATGCACGGT-1,Layer3
CCCAAGACAGAGTATG-1,Layer1
CCCAATGAGATTTGCA-1,WM
CCCAATTTCACAACTT-1,Layer6
CCCAGAGGAGGGCGTA-1,Layer3
CCCAGGTCTGAAGGCT-1,Layer3
CCCAGTAAACTTGGGA-1,WM
CCCAGTTAAGGCGCCG-1,Layer5
CCCATATAGGTCGATT-1,
CCCGAAGTTTCGCGAA-1,Layer6
CCCGACCATAGTCCGC-1,Layer5
CCCGAGTTTCTCCGTA-1,Layer3
CCCGCAGCGCGAACTA-1,Layer6
CCCGCAGGGCCCAAAG-1,Layer3
CCCGCCATGCTCCCGT-1,Layer3
CCCGCGCAATGCACCC-1,Layer3
CCCGCTAGAGGGTTAA-1,Layer2
CCCGGCACGTGTCAGG-1,
CCCGGGTCGTTCAGGG-1,Layer6
CCCGGTGGAAGAACCT-1,Layer3
CCCGGTGTATCGGAAT-1,WM
CCCGTAAGTCTAGGCC-1,Layer6
CCCGTAGCTGGGAAGA-1,WM
CCCGTCAGCGTCTGAC-1,Layer5
CCCGTTTCGCAGATGT-1,Layer3
CCCTAGTGTCAGGTGT-1,Layer1
CCCTATGTAGAGCAGA-1,WM
CCCTCATTCTGGAATT-1,Layer3
CCCTCCTCGCTCGTAT-1,Layer3
CCCTCGGGAGCCTTGT-1,Layer1
CCCTGAAATGAGTTGA-1,Layer5
CCCTGACTAACAAATT-1,Layer5
CCCTGATGTAACTCGT-1,Layer1
CCCTGCCCAATCCGCT-1,Layer5
CCCTGCGCTACGCATA-1,Layer5
CCCTGGTATGGGCGGC-1,Layer3
CCCTGTTGGCAAAGAC-1,Layer1
CCCTTCTCGTACGCGA-1,Layer1
CCCTTTAATGGAGTTC-1,Layer3
CCCTTTGACAGGTCTT-1,Layer6
CCGAAAGTGGTGAGCA-1,Layer3
CCGAACACTGGGCCTC-1,Layer6
CCGAACCTTCCCGGCC-1,Layer6
CCGAAGTATATTGTTC-1,Layer3
CCGACAAACACATGAG-1,Layer2
CCGACAAAGGGAGTGC-1,Layer5
CCGACAATAGGCCGCC-1,Layer2
CCGACGGGCATGAGGT-1,WM
CCGACGTAAACACAAC-1,Layer3
CCGACTCGCATAGTCT-1,Layer3
CCGAGAAGTCGCATAA-1,Layer3
CCGAGCTGTGCTTGTC-1,Layer2
CCGAGGGATGTTAGGC-1,Layer3
CCGATCTCAACCTTAT-1,Layer3
CCGATTCGAGGGACCC-1,Layer5
CCGATTGGTCAATGAA-1,Layer1
CCGCACAAAGACCAAC-1,Layer6
CCGCACGTGACCTCGG-1,Layer4
CCGCATGTGGTACGAT-1,Layer6
CCGCCACCACAATCCA-1,Layer3
CCGCCGGAACTTCTCG-1,WM
CCGCCGGTCAACACAC-1,Layer3
CCGCCGTTGAGGATAA-1,Layer2
CCGCCTGCGAATTGGT-1,Layer3
CCGCGATTTGGTAGGT-1,Layer5
CCGCGGAATGCGTCAC-1,WM
CCGCGGGTACGAAGAA-1,Layer5
CCGCGTAGGTAAGGGC-1,Layer4
CCGCTATCAGCACCAG-1,Layer6
CCGCTCTTCCGAACTA-1,Layer3
CCGCTGGTGCCATTCA-1,Layer3
CCGCTTACCTCACTCT-1,WM
CCGCTTCGCGGTTAAC-1,Layer1
CCGCTTGCTGACATGG-1,Layer2
CCGGAATGGTTTCAGT-1,Layer4
CCGGAGCGTACTTTCT-1,Layer6
CCGGCACGACCGTTTC-1,Layer3
CCGGCGCATATTGGAT-1,Layer3
CCGGCGTGAGACTCTG-1,Layer6
CCGGGACCCGCAGAGA-1,Layer3
CCGGGCGGTCTCGTCA-1,Layer6
CCGGGCTAAGAATTTC-1,WM
CCGGGCTGCTCCATAC-1,Layer5
CCGGGTTCGAGGTTAC-1,Layer6
CCGGTAATGGCTAGTC-1,Layer2
CCGGTTTGTAATTGTG-1,WM
CCGTAAGTTGGTCCCA-1,Layer6
CCGTACCCAAGCGCCA-1,Layer2
CCGTAGGAAATCCCTG-1,Layer3
CCGTAGGGTTGTTTAC-1,Layer3
CCGTATCTCGTCGTAG-1,WM
CCGTATTAGCGCAGTT-1,Layer2
CCGTCAACCTCTGGCG-1,WM
CCGTGCCCATGACGGC-1,Layer3
CCGTGGAACGATCCAA-1,Layer3
CCGTGTTAAATTCCAT-1,WM
CCGTTACGTTAGAACA-1,Layer4
CCGTTCCGAATCTCGG-1,Layer5
CCTAAACAGGGTCCGT-1,Layer1
CCTAAAGGCTGACGCT-1,Layer3
CCTAAATTAACGGTTC-1,Layer6
CCTAAATTGTATCCTA-1,Layer2
CCTAACCCAAACAAGT-1,Layer5
CCTAACTAAGGCTCTA-1,Layer3
CCTAAGTGTCTAACCG-1,Layer1
CCTACAAGTCCGGAAT-1,Layer1
CCTACATTCACAGACG-1,WM
CCTACGCGACCTTACA-1,Layer3
CCTACGGCTCAGTCGA-1,Layer3
CCTACTGCTTACACTT-1,Layer5
CCTAGGCGTAGCGATC-1,Layer5
CCTAGGTAAAGGTAGC-1,Layer6
CCTAGTTAGTCGCATG-1,Layer3
CCTATAATGAGTGCCC-1,Layer5
CCTATACCGTCCTGTC-1,WM
CCTATATCGTGTCACG-1,WM
CCTATATTTGTCCTGG-1,Layer6
CCTATCTATATCGGAA-1,Layer5
CCTATGAAGTGGTGCC-1,Layer3
CCTATGGCTCCTAGTG-1,WM
CCTATGGGTTACCGTC-1,Layer6
CCTATGGTCAAAGCTG-1,Layer6
CCTATGTCCACTCCAC-1,Layer3
CCTCACCAATCTTGAC-1,Layer3
CCTCACCTGAGGGAGC-1,Layer3
CCTCACCTTAGCATCG-1,Layer3
CCTCATGCAGCTACGA-1,Layer1
CCTCCCGACAATCCCT-1,Layer3
CCTCCGACAATTCAAG-1,Layer5
CCTCCTAGCTAGAGTC-1,WM
CCTCCTGTTGTGTCGT-1,Layer3
CCTCGAAGTGGACGGG-1,Layer3
CCTCGACCCACTGCCT-1,Layer3
CCTCGCCAGCAAATTA-1,Layer5
CCTCGCGCGATATAGG-1,Layer3
CCTCGCGCTGTGCGAT-1,Layer6
CCTCGGACCGGGATAG-1,Layer5
CCTCGGATGCTACCTG-1,Layer3
CCTCGGTTTCCTTGCC-1,WM
CCTCTAATCTGCCAAG-1,Layer5
CCTCTACAAGGATTGG-1,WM
CCTCTATCGATTAGCA-1,WM
CCTCTCTCCCATCTAG-1,Layer5
CCTCTGGCCTAGACGG-1,Layer3
CCTCTGTACTATTCTA-1,Layer6
CCTGAACGATATATTC-1,Layer5
CCTGAATATTTACATA-1,Layer5
CCTGACCACCGATGGT-1,Layer6
CCTGACGCAACCTTTA-1,Layer3
CCTGCGTTCTACGCTT-1,Layer4
CCTGCTATTTGAGAAG-1,Layer5
CCTGGAAACGTTCTGC-1,Layer3
CCTGGCTAGACCCGCC-1,Layer5
CCTGGTCGAATGTGGG-1,Layer6
CCTGTAAGACATGATA-1,Layer6
CCTGTACTCACGCCCA-1,Layer6
CCTGTCACCCGGGCTC-1,Layer6
CCTGTCCCTCACGTTA-1,Layer2
CCTGTCGCCCGTAAAT-1,Layer6
CCTGTGCATAGGAGAC-1,Layer1
CCTGTGCGGATTGTAA-1,Layer1
CCTGTTTGAAGACACG-1,Layer3
CCTTCAGTTAAAGTGA-1,WM
CCTTCGTATAGAATCC-1,Layer6
CCTTCTCAGCGTTCCT-1,Layer6
CCTTCTTGATCCAGTG-1,Layer5
CCTTGACCACTTTATT-1,Layer3
CCTTTAAGGGAGCACT-1,WM
CCTTTCAATGAAGAAA-1,Layer3
CCTTTGAATTATGGCT-1,WM
CGAAACATAGATGGCA-1,Layer3
CGAAACGCAATTCATG-1,Layer6
CGAACAGTATGGGCGT-1,Layer3
CGAACCCGCATGCGTC-1,WM
CGAACGCCCAGTGCCG-1,Layer3
CGAACGGCCGGACAAC-1,Layer6
CGAAGACTGCCCGGGA-1,Layer1
CGAAGCTATAAATTCA-1,Layer3
CGAAGGGTTTCAGATT-1,WM
CGAAGTTGCTCTGTGT-1,Layer5
CGAATCTGCTCGACGC-1,WM
CGAATGAAGTCATTGC-1,WM
CGAATGACGCATAATG-1,Layer6
CGAATTACATGGTGTT-1,Layer2
CGACAATTTGATCTAA-1,Layer4
CGACACGCTCCGACAG-1,Layer4
CGACAGTTCGCGTTAT-1,Layer6
CGACATGCGATCTTCT-1,Layer3
CGACCCTTAACGCCGG-1,Layer6
CGACGCATCCGTACCT-1,Layer6
CGACTCAGGATGTTAT-1,Layer4
CGACTTTGTATAGCCT-1,Layer3
CGAGACCCTAGAGTGT-1,Layer6
CGAGAGATGTGAACCT-1,Layer6
CGAGAGCGCGTAGATA-1,Layer5
CGAGAGCTTTCACTAC-1,Layer3
CGAGAGGGTAGCCGCG-1,Layer3
CGAGATGTTGCCTATA-1,Layer1
CGAGATTTCGCTCGGG-1,Layer2
CGAGCACTTCAAGTTT-1,Layer3
CGAGCGTTGATCAGCC-1,Layer3
CGAGCTGGGCTTTAGG-1,Layer4
CGAGGCCAGGCATTGG-1,Layer2
CGAGGCTAAATATGGC-1,Layer6
CGAGGGACTGCGGTCG-1,Layer5
CGAGGGTATCCAGGTG-1,Layer6
CGAGTACTAAAGAGGA-1,WM
CGAGTGAAGGTACCAG-1,WM
CGAGTGCTATAGTTCG-1,Layer2
CGAGTTCTGTCCCACC-1,Layer5
CGAGTTTATCGGACTG-1,Layer4
CGATAATACTCAGGTT-1,Layer2
CGATACCTCGCGGACA-1,Layer6
CGATAGCGATACAGTG-1,WM
CGATAGTCGTACTGCA-1,Layer3
CGATATTAGCCGCAGG-1,Layer1
CGATCCGACCCAGTGC-1,Layer6
CGATCCTCGCAACATA-1,WM
CGATCTGTTGGAGGAC-1,Layer6
CGATGGACCCTACGCC-1,Layer3
CGATGTTGTTATCTAC-1,WM
CGATTAAATATCTCCT-1,Layer6
CGATTCGCCTGGCTGC-1,Layer5
CGCAAACACGAGTTAC-1,Layer5
CGCAATTACTTTCGGT-1,Layer4
CGCAATTAGGGTAATA-1,Layer5
CGCAATTCTACAATAA-1,Layer4
CGCACATGTCCACTAC-1,Layer5
CGCACGTCTGTTTATG-1,WM
CGCACGTGCGCTATCA-1,Layer3
CGCAGAAACATTTGCG-1,Layer3
CGCAGATCTTCACCCG-1,Layer2
CGCAGGCGATCCAAAC-1,Layer3
CGCATCATGGCTTCAG-1,Layer3
CGCATGGTGCGATGCT-1,Layer6
CGCATTAGCTAATAGG-1,Layer5
CGCCAAGAAGCCGAGT-1,Layer5
CGCCACAGGTCGCGAT-1,Layer6
CGCCACCCGCATTAAC-1,Layer1
CGCCATCCGATTATGA-1,Layer5
CGCCCAGCACGCCTAG-1,Layer6
CGCCCAGCGTTTCACG-1,Layer3
CGCCCGCTTCCGTACA-1,Layer4
CGCCCTAATTGTTCAA-1,WM
CGCCCTTACATCCACC-1,Layer1
CGCCCTTGAAGGCTGA-1,Layer3
CGCCGCCCATGCCTGT-1,Layer5
CGCCGCGTTCTGAACG-1,WM
CGCCGTTCAGCATAGT-1,Layer3
CGCCTCCCTCCTCTAT-1,Layer6
CGCCTGGCCTACGTAA-1,Layer6
CGCCTTTAGCATGCTC-1,Layer2
CGCGAAGTGGCATACT-1,Layer3
CGCGACCGCGACAGAT-1,Layer5
CGCGAGAGGGACTTGT-1,Layer2
CGCGAGTCTGCCGGGT-1,WM
CGCGCAAATGTCCAGA-1,WM
CGCGCAAGGAACTACA-1,Layer1
CGCGCATGTTTGATTG-1,Layer6
CGCGCCCGACTTAATA-1,Layer5
CGCGGCAGTATTACGG-1,Layer1
CGCGGCTCAACTTGAA-1,Layer3
CGCGGGAATTAGGCAG-1,Layer5
CGCGGTCACAAACCAA-1,Layer3
CGCGTCATATTAAACC-1,Layer2
CGCGTGCTATCAACGA-1,Layer1
CGCGTTCATGAAATAC-1,Layer5
CGCTACGGGACATTTA-1,Layer6
CGCTAGAGACCGCTGC-1,Layer3
CGCTATACCGCCCACT-1,Layer3
CGCTATTCAATGTATG-1,Layer3
CGCTATTCTTAGGCTC-1,Layer6
CGCTCGACATAATGAT-1,Layer4
CGCTCTCCGTAGATTA-1,Layer5
CGCTGAGGACGTCCAA-1,Layer1
CGCTGGTGACTACCCT-1,Layer3
CGCTGTGACGCCGCAC-1,Layer5
CGCTGTGTGGATGTTG-1,WM
CGCTTAGTATTGATAC-1,Layer6
CGCTTATTCCCGGTCG-1,Layer6
CGCTTCCACTGAAATC-1,Layer3
CGCTTCGGTCTAAGAC-1,
CGCTTTCATACCGGTG-1,Layer3
CGCTTTCTTGCATTCG-1,Layer5
CGGAAAGAATCAAACG-1,WM
CGGAAATTTCACATCC-1,Layer3
CGGAACGTAAACATAG-1,WM
CGGAGCAATTTAATCG-1,Layer6
CGGAGCATGGCGATCC-1,Layer6
CGGAGCTTATAACACC-1,Layer3
CGGAGTTTGAGAGACA-1,Layer5
CGGATAAGCGGACATG-1,Layer3
CGGATCCTCAAGGACT-1,Layer5
CGGCAAACATCGTGCG-1,Layer6
CGGCAATAAGATCGCC-1,Layer3
CGGCACCGTTAGCGCC-1,Layer3
CGGCACTCAAGAAAGT-1,Layer2
CGGCAGGGTCGGGTTG-1,Layer4
CGGCCACGCACAAAGT-1,Layer6
CGGCCAGAGCGACCAT-1,Layer6
CGGCCCAACCTGTAGT-1,Layer2
CGGCCCAGGTATATCC-1,Layer3
CGGCGCCATCAATCCC-1,Layer3
CGGCTCTAAAGCTGCA-1,Layer3
CGGCTCTTCGTCGAAC-1,Layer3
CGGCTGCAAGATTAAG-1,Layer3
CGGCTTTGTATGATAA-1,Layer3
CGGGAATATAGTATAC-1,Layer3
CGGGAATTTATGTAAA-1,Layer6
CGGGAGCTTCAGTGTA-1,Layer4
CGGGAGTATACCGCCG-1,Layer3
CGGGATCAATGTAAGA-1,Layer5
CGGGCAGCTAAACCGC-1,Layer6
CGGGCCATAGCCGCAC-1,Layer1
CGGGCCTTCTTTGTAA-1,Layer6
CGGGTGTACCCATTTA-1,Layer5
CGGGTTCGGCACGTAT-1,Layer1
CGGGTTGTAGCTTTGG-1,Layer1
CGGGTTTGTTAGGGCT-1,Layer2
CGGTACTAGAATCAAA-1,Layer5
CGGTAGAGGTGCAGGT-1,Layer4
CGGTATAGGTATTAGC-1,Layer3
CGGTCAAGTGGGAACC-1,Layer5
CGGTCCGTCGCAAGCC-1,Layer6
CGGTCTATCAACCCGT-1,Layer4
CGGTGAAGACTAAAGT-1,Layer5
CGGTGCAGATAGAACG-1,Layer6
CGGTGCGCGTTGGTCC-1,WM
CGGTGGGCTCCAGCCT-1,Layer3
CGGTGTACTTGATCCC-1,Layer3
CGGTTATCCAACAGTG-1,Layer3
CGGTTCAAGTAGGTGT-1,Layer3
CGGTTCCGGCTTCTTG-1,Layer1
CGGTTGACCTGGCATA-1,Layer5
CGGTTGAGTATCCTTC-1,WM
CGGTTGGGTTCAAGTT-1,Layer2
CGGTTTATGAAGGAAC-1,Layer2
CGTAAACGCTTGAGTG-1,Layer1
CGTAACTTCGACACTT-1,Layer6
CGTACCTGATAGGCCT-1,Layer5
CGTAGAGAGTAATTAT-1,Layer3
CGTAGCGAATTGTCAG-1,Layer3
CGTAGCGCCGACGTTG-1,Layer2
CGTATTAAGAGATCTA-1,Layer6
CGTCAAGGCTATAAAT-1,Layer3
CGTCAATCTTTAACAT-1,Layer1
CGTCACGTCCATTGGT-1,WM
CGTCAGTGCGCACAAG-1,Layer3
CGTCAGTTTATCGTCT-1,Layer1
CGTCATACCATATCCA-1,Layer3
CGTCGCATGTGAGCCA-1,Layer5
CGTCGCGGCGGGATTT-1,Layer1
CGTCGCTTGGTTATAC-1,WM
CGTCGGATAGTGTTGA-1,Layer3
CGTCGGGTCTAAGCGC-1,WM
CGTCGTCCTTCGCGAA-1,Layer5
CGTCTGGAAGGGCCCG-1,Layer4
CGTGAAGTTAATTCAC-1,Layer6
CGTGACATTGGGTCGT-1,Layer3
CGTGACCAGTCCTCTG-1,Layer6
CGTGCAGACTGGGACA-1,Layer6
CGTGCATTGTCGACGC-1,Layer6
CGTGCCCGACATTTGT-1,Layer1
CGTGCCCTCCCGAAGA-1,Layer6
CGTGCTTCTACCTAAA-1,WM
CGTGGCCGAATATCTA-1,Layer3
CGTGGTACCCAAAGGC-1,WM
CGTGTATGGGAGCTGA-1,
CGTGTCCCATTCGCGA-1,Layer5
CGTGTCTCGTTACGAC-1,WM
CGTGTGTTAAACCCTG-1,Layer2
CGTTAAACTAGTTAGG-1,Layer3
CGTTAATGTCCCGACG-1,Layer4
CGTTAGCTCACAACTG-1,Layer3
CGTTCAGACCCGCGAA-1,Layer6
CGTTCATGGTGCGCGT-1,Layer6
CGTTCTTCGCACACCT-1,Layer2
CGTTGAATACCGCGCT-1,Layer5
CGTTGAGCGACCGTCG-1,Layer6
CGTTGAGTAATTGCGT-1,Layer3
CGTTGCCCGCGTGGGA-1,WM
CGTTGTAAACGTCAGG-1,Layer3
CGTTGTAAGATTGATT-1,Layer3
CGTTGTCGGCAATTGA-1,Layer6
CGTTGTTTCAATTCCC-1,Layer6
CGTTTAAGCGGAGCAC-1,Layer3
CGTTTCACTTCGGGCG-1,Layer3
CGTTTCGCTCATTACA-1,Layer6
CGTTTGTGTAGAGGGT-1,WM
CTAAACGGGTGTAATC-1,Layer1
CTAAAGAATGCCTACT-1,Layer6
CTAAAGGGAAATAGGA-1,Layer6
CTAAAGTCCGAAGCTA-1,Layer1
CTAAATCCGGTGTACA-1,WM
CTAAATCCTATTCCGG-1,Layer5
CTAACCGCGCGCCCGT-1,Layer6
CTAACGAAACTTGCTG-1,Layer4
CTAACTGATAATCGCC-1,Layer3
CTAACTGGTCCGGTTC-1,WM
CTAAGGGAATGATTGG-1,Layer6
CTAAGTACAGGGCTAC-1,Layer1
CTAATTCGCACGCGCT-1,Layer5
CTAATTCTCAGATATT-1,Layer3
CTAATTTCAACAACAC-1,Layer3
CTACAAGAAATAACCC-1,WM
CTACACTAGCTTGTTC-1,Layer1
CTACACTCGCAGATGG-1,Layer3
CTACATATCGCGGGAC-1,WM
CTACCCTAAGGTCATA-1,Layer5
CTACGAACTAGGTCGA-1,Layer3
CTACGACTAGCTATAA-1,Layer5
CTACGATCCTATCCTA-1,WM
CTACGCACGGAGTACC-1,Layer6
CTACGCCATTTCCGAT-1,Layer3
CTACGTGTTGCCACCA-1,Layer1
CTACTATCATAGGTTT-1,WM
CTACTATCTTTCAGAG-1,Layer4
CTACTCAAGGTATAGT-1,WM
CTACTCTAGGCCCGGC-1,Layer5
CTACTGCCACCTGACC-1,Layer6
CTAGACATATATGTAG-1,Layer1
CTAGACTGCATTTCGT-1,Layer3
CTAGATAAACTCCTCG-1,Layer1
CTAGATGTGAGTGTAA-1,Layer3
CTAGATTTACGACGGC-1,Layer6
CTAGCAACTAATTTAC-1,Layer1
CTAGCATAGTATAATG-1,Layer6
CTAGCCGATGTTATGA-1,Layer3
CTAGGCGCCCTATCAG-1,Layer4
CTAGGCGGCAGAGAAT-1,Layer1
CTAGGGATAGGGACAA-1,WM
CTAGGTCTGAAGGAAT-1,Layer3
CTAGGTTCGGACGTGA-1,Layer6
CTAGTAGAAAGGGATT-1,Layer5
CTAGTATTCGGAATTA-1,Layer3
CTAGTCACGTCTTAAG-1,Layer6
CTAGTGAAGGACAGGA-1,Layer5
CTAGTTACAACCCGGT-1,Layer6
CTAGTTGGGCCCGGTA-1,Layer6
CTATAAGAGCCAATCG-1,Layer3
CTATAGGCGTTGATGT-1,WM
CTATCGACGAAATACA-1,Layer3
CTATCGGGTCTCAACA-1,Layer6
CTATGCCCGAATGCAA-1,Layer6
CTATGGGAAGCGGAAT-1,Layer3
CTATGTCACTAGCCCA-1,Layer6
CTATGTCTATTGAAAC-1,Layer3
CTATGTGAGTCACGGC-1,Layer6
CTATTCATGTGTCCCA-1,Layer6
CTATTGTGTTTGGTCA-1,Layer3
CTATTTGCTTGGAGGA-1,Layer6
CTATTTGGTTACGGAT-1,Layer5
CTCAAACCACTGCCCG-1,WM
CTCAACTAACCCGGAT-1,Layer4
CTCAAGACATTAGCGC-1,Layer3
CTCACATTTACTAAAT-1,Layer6
CTCACTGTGATACTTA-1,Layer5
CTCACTTGGCTGGTAA-1,Layer6
CTCAGGACTCACCTGT-1,Layer3
CTCAGTCACGACAAAT-1,Layer3
CTCATAAATGTGTATA-1,
CTCATGGCTCACAATC-1,Layer3
CTCATGGTAATTTGCG-1,WM
CTCATTGCTCTAACAA-1,Layer5
CTCATTTGATGGGCGG-1,Layer5
CTCCCAATGAGTCGCG-1,Layer2
CTCCCTCCTTTCGATC-1,WM
CTCCGCCCACATGAGG-1,Layer6
CTCCGGCCTAATATGC-1,Layer5
CTCCGGCTTGTAGACA-1,Layer2
CTCCTAAGTTATGTCT-1,Layer2
CTCCTCCAGCTCACAC-1,Layer6
CTCCTGTTCAAGGCAG-1,Layer2
CTCCTTTACGCAAGTC-1,Layer3
CTCGAATGGAACGTAT-1,Layer2
CTCGAGACATACGATA-1,WM
CTCGAGGTCGAACAGT-1,Layer6
CTCGATATTTGCGAGC-1,Layer3
CTCGCACCTATATAGT-1,Layer5
CTCGCATTGCATAGCC-1,WM
CTCGCCGAATGTAGGG-1,Layer6
CTCGGGCATCGTCGGG-1,Layer2
CTCGGGTTCTCTGGCC-1,WM
CTCGGTACCACTGCTC-1,Layer5
CTCGGTCCGTAGCCTG-1,Layer4
CTCGGTTGTCGGCCCT-1,WM
CTCGTCGAGGGCTCAT-1,WM
CTCGTTACGGCTACCA-1,WM
CTCGTTTCTAATGTTT-1,Layer3
CTCTAATGCATTGATC-1,Layer3
CTCTACACTGGCGATT-1,Layer6
CTCTAGCCCTCGGAAA-1,Layer3
CTCTATTTGGCTGCAG-1,Layer6
CTCTCACAATCGATGA-1,Layer6
CTCTCGATGTGCGCCT-1,Layer2
CTCTCTAACTGCCTAG-1,WM
CTCTGCGAAGCAAGCA-1,Layer3
CTCTGGACGCCTGGTG-1,Layer6
CTCTGTGCCTGCTATG-1,Layer1
CTCTGTTTGAGGATTC-1,Layer3
CTCTTCTATTGACTGG-1,Layer3
CTCTTCTGGAAGTTAG-1,WM
CTCTTGTCCCGCTTGG-1,Layer6
CTGAAAGAGATCCGAC-1,Layer5
CTGAATCCGAGACCTC-1,Layer6
CTGAATTTATTGCCAG-1,Layer3
CTGACATAGAAATAGA-1,Layer2
CTGACTGCGCAGCTCG-1,Layer3
CTGAGAAAGTTCGGCG-1,Layer2
CTGAGCAAGTAACAAG-1,Layer2
CTGATAGTGTATCTCA-1,Layer4
CTGCAAATGGGCTCCA-1,Layer1
CTGCAAGCACGTTCCG-1,Layer2
CTGCACAACTACATAT-1,Layer5
CTGCACCTGGAACCGC-1,Layer3
CTGCACTCCAGTACAG-1,Layer6
CTGCAGAGAATCAGAG-1,Layer3
CTGCCAAGGTTGGAAG-1,Layer5
CTGCCATGCATCACAT-1,Layer6
CTGCCTAGCCACCAAG-1,Layer3
CTGCCTTTAATACCTT-1,WM
CTGCCTTTCTAGTAAA-1,Layer3
CTGCGGGTGAAATGTT-1,Layer5
CTGCGGTAGTCACGTG-1,Layer3
CTGCGTTACGATATAA-1,Layer3
CTGCTGAGGCCACGAA-1,WM
CTGCTGTCTAACGAGC-1,Layer2
CTGCTTGGCGATAGCT-1,Layer5
CTGCTTTATGTCCGCG-1,Layer2
CTGGAAATGGATGCTT-1,Layer5
CTGGAAGACACGGTGG-1,Layer5
CTGGACGCAGTCCGGC-1,Layer6
CTGGATTTACACTTGA-1,Layer6
CTGGCATCCGAATGAG-1,WM
CTGGCGACATAAGTCC-1,Layer4
CTGGCGATTTACATGT-1,
CTGGCGCACAGGTCTG-1,Layer5
CTGGCGGGAATAAGTA-1,Layer3
CTGGCTCCTGCGGGAT-1,Layer1
CTGGCTGATTCATCCT-1,Layer4
CTGGCTGCTAACGTAA-1,Layer1
CTGGCTGGTTGTCAGT-1,Layer6
CTGGGATAAATAATGG-1,Layer5
CTGGGATACGCTACCC-1,Layer2
CTGGGATCGCCCAGAT-1,Layer1
CTGGGCACTAGTCGGA-1,Layer1
CTGGGCCTGCTATATC-1,Layer6
CTGGGCGGCCAAATGT-1,Layer2
CTGGGTAGGCAGTTAA-1,Layer5
CTGGGTTGAGTTAAAG-1,WM
CTGGTAAAGTGTGGGC-1,Layer2
CTGGTAACACATAGAA-1,Layer5
CTGGTAACGAGCTCTT-1,Layer3
CTGGTCATTCCAATCC-1,Layer3
CTGGTCCTAACTTGGC-1,Layer3
CTGGTGAATGGGCCTA-1,WM
CTGGTTCAACGCATCA-1,Layer1
CTGGTTTCGAGCAAGA-1,Layer5
CTGTACTTCTTAGCAT-1,Layer6
CTGTAGCCATCTCACT-1,WM
CTGTAGTGAGGATCGA-1,WM
CTGTATGGTGTAGAAA-1,Layer3
CTGTCAAATGGCTCGG-1,Layer5
CTGTCACGCCAGGCGC-1,Layer3
CTGTGCAGGGTAGGTC-1,Layer6
CTGTGGTCGGGAGATA-1,Layer4
CTGTTACCCAATCTAG-1,Layer6
CTGTTCACTGCCTGTG-1,Layer5
CTGTTCATCTCACGGG-1,Layer3
CTGTTGTTCAGTCGTA-1,WM
CTTAACTTCGAAGTAC-1,Layer3
CTTACACGGTATTCCA-1,Layer5
CTTACACTGGGAAATA-1,Layer3
CTTAGCCTTCCACATG-1,Layer5
CTTAGGTATAGACCAG-1,WM
CTTAGTAGGCCTACAG-1,Layer3
CTTAGTGTAGTAGCAT-1,Layer4
CTTAGTTGAGGAATCG-1,WM
CTTATGCGCTCAGGGC-1,Layer5
CTTATGTTGACTACCA-1,Layer2
CTTCAACTCCACTTGG-1,Layer5
CTTCAGTGGTCGCCTA-1,WM
CTTCATAGCTCAAGAA-1,Layer3
CTTCATTGTCAGTGGA-1,Layer6
CTTCCGCTCCGTGAAG-1,WM
CTTCCTGCATATTTAC-1,Layer1
CTTCGGCCAATTGTTT-1,Layer3
CTTCGTAGATAGGTGA-1,Layer6
CTTCGTGCCCGCATCG-1,Layer1
CTTCTATGTTGAAGTA-1,Layer6
CTTCTATTAATGCTAG-1,WM
CTTCTGGGCGTACCTA-1,WM
CTTCTTACGTCGTATA-1,Layer3
CTTGACCCGAAAGATA-1,Layer3
CTTGAGGTTATCCCGA-1,Layer1
CTTGAGTTAGGGTAAT-1,Layer4
CTTGCAACCGCCTCCT-1,Layer6
CTTGCCCAGGCTCTAC-1,Layer6
CTTGGCCAAGCTGGGA-1,Layer6
CTTGTACTTGTTGACT-1,Layer5
CTTGTCAACATTCGAG-1,Layer6
CTTGTCGTACGTGTCA-1,Layer1
CTTGTGAGGACAGCGG-1,Layer1
CTTGTGAGTCTTTGAC-1,Layer2
CTTGTGCTCACCGATT-1,Layer3
CTTGTTGCTGAGTCAA-1,Layer5
CTTGTTTATGTAGCCA-1,Layer3
CTTTAACTTTCAAAGG-1,Layer5
CTTTAATATTGGTCGA-1,Layer6
CTTTACCGAATAGTAG-1,Layer5
CTTTAGGAACACTGTT-1,Layer5
CTTTAGTGCTATTATT-1,Layer6
CTTTCTGTGCGGGCTT-1,Layer6
CTTTGAAACATATTCC-1,Layer1
CTTTGCATCGCTCTTG-1,Layer3
CTTTGGCGCTTTATAC-1,Layer4
CTTTGGCTTTAGTAAA-1,Layer5
CTTTGGGATTGTTGCA-1,WM
CTTTGTCGAATGCTCC-1,WM
GAAACAGATGACCACC-1,Layer5
GAAACAGCCATGCAGT-1,Layer3
GAAACATAGGAAACAG-1,WM
GAAACCATGGTGCGCT-1,Layer3
GAAACCGAATTACCTT-1,WM
GAAACCTATACAAATG-1,Layer6
GAAACTCGTGCGATGC-1,Layer4
GAAACTCTAATGAAGG-1,Layer3
GAAAGAACAGCGTTAT-1,Layer3
GAAAGCAGTGCACTTT-1,Layer6
GAAAGCCCTTTGGACC-1,Layer5
GAAAGTGACTAACTGC-1,Layer4
GAAATACCTGCTGGCT-1,Layer3
GAAATACTAAACGTTT-1,Layer3
GAAATATCACCATCAG-1,Layer5
GAAATATGCTTGAATG-1,Layer2
GAAATCGCGCGCAACT-1,Layer5
GAAATGGCGGTGTTAG-1,Layer6
GAAATGGGATGTAAAC-1,Layer1
GAAATTAGCACGGATA-1,Layer3
GAAATTCACATCGCTG-1,Layer3
GAAATTGTCTCTATAA-1,Layer6
GAACAACTGGGATGAA-1,Layer3
GAACACACATCAACCA-1,Layer5
GAACAGATTACTAAAT-1,Layer6
GAACCATCTGGGAGAC-1,Layer1
GAACCCTCTGTGTTCT-1,Layer6
GAACCTCGACCTACAC-1,Layer5
GAACCTTTAACGATCC-1,Layer5
GAACGACCGAATGATA-1,Layer5
GAACGCGGGTCACACG-1,Layer2
GAACGTCTCATGGTCG-1,Layer5
GAACGTTAGGAAGACG-1,Layer4
GAACTGTGGAGAGACA-1,Layer6
GAACTTAGCGCCCGGT-1,Layer1
GAAGAAACGATATTGT-1,WM
GAAGAACGGTGCAGGT-1,Layer3
GAAGACTTCAATGCCG-1,Layer2
GAAGCAAGGCAATGTT-1,Layer1
GAAGCCACTGATTATG-1,Layer5
GAAGCCTGCACATTCC-1,Layer6
GAAGCGTGAGGAATTT-1,Layer6
GAAGCTCGGACCCGTC-1,WM
GAAGCTTGCTGACCGC-1,Layer5
GAAGGACTAAATTGAA-1,Layer1
GAAGGAGTCGAGTGCG-1,Layer6
GAAGGGCATAACCATG-1,Layer1
GAAGTCAGTTGCACTA-1,Layer6
GAAGTCTCCCTAGCGA-1,Layer5
GAAGTGATTTATCGTG-1,Layer6
GAAGTGCTGGATAGCT-1,Layer3
GAAGTTTCCACTCAAT-1,Layer6
GAATAGACGCGACCCA-1,Layer5
GAATAGCATTTAGGGT-1,Layer2
GAATAGCCCTGCGGTC-1,Layer2
GAATAGTGCTCGATTA-1,WM
GAATATTCGGAGTCCC-1,Layer3
GAATCGACATGGTCAC-1,Layer5
GAATCGCCGGACACGG-1,Layer3
GAATCTATACTCGGAC-1,Layer3
GAATCTGAACATTCTC-1,Layer6
GAATGCCGAAATGACC-1,Layer3
GAATGCGAATCGGTTC-1,Layer5
GAATGTATGGCAGGTC-1,Layer3
GAATGTGGTCCGGATT-1,Layer5
GAATGTTGGGTAATCT-1,Layer5
GAATTATAGTGAAAGG-1,Layer6
GAATTCACCCGGGTGT-1,Layer6
GAATTTCTCGCTGCAG-1,Layer5
GACAAACATATGCAGG-1,Layer3
GACAACGACCATTGAA-1,Layer5
GACAACGCAGCTTACG-1,Layer5
GACAAGAGATGAGATT-1,Layer2
GACACAAGGGAAGAAA-1,Layer6
GACACGAGTTAGAGGA-1,Layer3
GACACTGAGTTCAGTG-1,WM
GACACTGGAACCCGAT-1,Layer3
GACAGATTTCTGGCTC-1,Layer5
GACAGCCAGACCTGAC-1,Layer5
GACAGGCACACACTAT-1,Layer5
GACATCCGTCGAACTG-1,Layer5
GACATCGATTTATAAC-1,WM
GACCAAACGTTGACTG-1,Layer3
GACCAGAGCCCTGTAG-1,Layer5
GACCAGGTCATTCATA-1,Layer3
GACCCAATTATGATAC-1,WM
GACCCGTCGCCGGCTA-1,Layer3
GACCGACGTGAAAGCA-1,Layer3
GACCGACTGAAGCGTC-1,Layer5
GACCGATTAAATATGT-1,WM
GACCGCGTCTGACGTG-1,Layer3
GACCGTCAGGTCGTGA-1,Layer3
GACCGTGCTGACGGTG-1,Layer6
GACCTTCCACGTCTAC-1,Layer5
GACGACGATCCGCGTT-1,Layer6
GACGAGGCTAATAAAC-1,Layer3
GACGCATACCCGTCGG-1,WM
GACGCCGTAAAGGCTA-1,Layer6
GACGCCTGTTGCAGGG-1,Layer2
GACGCTTGCTTCTAAA-1,Layer6
GACGGACCGCGTTCCT-1,Layer2
GACGGGATGTCTTATG-1,Layer1
GACGGGTTGGCCCGTA-1,Layer6
GACGGTCAATAGAAGC-1,Layer3
GACGTGAGACTCCATG-1,Layer1
GACGTGTAGGGATTAT-1,Layer5
GACTAACACAGCACCT-1,Layer3
GACTAAGATCATGCAC-1,Layer5
GACTAAGTAGGCTCAC-1,Layer5
GACTACAAAGCGGTGG-1,Layer6
GACTACAATTGCTCGT-1,Layer3
GACTAGGCCGTTAGGT-1,Layer5
GACTCACCCACGTGAG-1,Layer3
GACTCCCAGAATAAGG-1,Layer2
GACTCCTTCCAATTGA-1,WM
GACTCGCGGGAATGAC-1,Layer3
GACTCGGTCGGCGGAT-1,Layer1
GACTGATTGGTCACAA-1,Layer2
GACTGCAAATCGAGCT-1,Layer5
GACTGCACCAGCCCAG-1,Layer5
GACTGCGGCACGTGTA-1,Layer3
GACTGCTGGTGAGAAA-1,WM
GACTGGGCGCCGCAAC-1,Layer3
GAGACTGATGGGTAGA-1,Layer6
GAGACTTCGCGACCGA-1,Layer6
GAGAGGGCGCGAGGTT-1,Layer6
GAGAGGTGCATTCTGG-1,Layer6
GAGAGTCTCGGGAGAG-1,WM
GAGATCTGCTTGGCAT-1,Layer6
GAGATCTGTCACTCCG-1,Layer6
GAGATCTTCCATGACA-1,Layer5
GAGATGGGAGTCGACA-1,Layer6
GAGCACCTGTGTCCAG-1,Layer5
GAGCATCAACAACTTG-1,WM
GAGCATCATCCCTGGG-1,Layer3
GAGCCACGGTAGTAGG-1,Layer3
GAGCCAGCTACCTGTG-1,Layer4
GAGCCGAGCGTTTATT-1,Layer2
GAGCGAGGGAGTACCG-1,Layer3
GAGCGCAAATACTCCG-1,Layer3
GAGCGCGCACGAGTAG-1,Layer4
GAGCGCTATGTCAGGC-1,Layer1
GAGCGCTGTTAGGTAA-1,WM
GAGCGGAATGCGGTGT-1,Layer6
GAGCTAAGGGCATATC-1,Layer5
GAGCTCTCGGACCTAA-1,Layer3
GAGCTGTCGTCTCGGA-1,Layer3
GAGGAATGGAGAGGTT-1,Layer4
GAGGAGATCCTCATGC-1,Layer1
GAGGAGTAATTCCTAC-1,Layer1
GAGGATAAACAGTGCT-1,Layer2
GAGGCCCGACTCCGCA-1,WM
GAGGCCTGTTGATACA-1,Layer3
GAGGCTATCAAAGTCG-1,Layer5
GAGGGAGTCAGATCGC-1,WM
GAGGGCATCGCGTATC-1,Layer2
GAGGGCGCAGCTCTGC-1,Layer5
GAGGGTAGTAACAAAG-1,WM
GAGGTACATCCATCTT-1,Layer3
GAGGTACGCGTGTCCC-1,Layer6
GAGGTCCCAAAGATCT-1,Layer3
GAGGTCTTAGTGGGTC-1,Layer2
GAGTAAACCGGAAAGT-1,Layer2
GAGTAAGGCCACGGGA-1,Layer6
GAGTACGGGTATACAA-1,Layer3
GAGTAGATACTAGTTG-1,Layer6
GAGTATGCCCGCCTTG-1,WM
GAGTATGCGCGTGCAT-1,Layer5
GAGTCAGACCAGAATC-1,WM
GAGTCCGCTTACCGGA-1,Layer6
GAGTGTCAACCAGAAA-1,Layer4
GAGTGTGCGGTACCCA-1,Layer5
GAGTTGATGGCAATTT-1,WM
GAGTTGTCACCAGTCT-1,WM
GATAAATCGGTGGATG-1,Layer3
GATAACTCGCACTGTG-1,Layer5
GATAAGGCAGATGCAA-1,Layer1
GATACGATGGGAGTCA-1,WM
GATAGGTAACGTTGAC-1,Layer6
GATAGTGCGAGTAAGT-1,WM
GATATCTCATGCAATA-1,Layer3
GATATGAGACACTAAC-1,Layer5
GATATGCGGTAGCCAA-1,Layer3
GATATGGATTACGCGG-1,Layer3
GATATTGAGATTGGCG-1,Layer3
GATATTTCCTACATGG-1,Layer3
GATCAACATAAAGGGA-1,WM
GATCATTCCAAACATT-1,Layer6
GATCCCTTTATACTGC-1,Layer6
GATCCGGGAATTAACA-1,Layer6
GATCCTAAATCGGGAC-1,Layer3
GATCCTCGACACTGGC-1,WM
GATCCTCTTGCGCTTA-1,Layer3
GATCGACACTATCTGA-1,Layer5
GATCGCGGGCTCTCCA-1,Layer6
GATCGCTACCCGATTT-1,Layer3
GATCGCTATATCTCAG-1,WM
GATCGGATAGAACCAT-1,Layer5
GATCGGCGATAAGTCG-1,Layer3
GATCGGTGGCCATAAC-1,Layer6
GATCGTGACTGATATC-1,Layer6
GATCTCGACGCTGTGG-1,Layer2
GATCTGCTATCTAAGG-1,Layer6
GATCTTGGAGGGCATA-1,Layer6
GATCTTTGCAGGGTAT-1,Layer6
GATGACAAGTAGGGCA-1,WM
GATGACGATGATCGCG-1,Layer2
GATGAGGAACCTTCGG-1,Layer4
GATGATTTGAAACTGG-1,Layer1
GATGCCACACTACAGC-1,Layer1
GATGCCAGCAGAAGGC-1,Layer3
GATGCCTTCTGCGGCA-1,WM
GATGCGTCCTGCATTC-1,Layer6
GATGCTACAAGCGCCT-1,Layer4
GATGCTGTATTTCATC-1,Layer6
GATGGCGCACACATTA-1,Layer3
GATGGTGCCCTAGGCA-1,Layer3
GATGTAACGAACCACC-1,WM
GATGTCCGGATCACAT-1,Layer1
GATGTCGGTCAACTGC-1,Layer3
GATGTGTTGTCACAAG-1,Layer3
GATGTTCAATCCACGA-1,Layer6
GATGTTTGTGCGAGAT-1,Layer3
GATTAACCGAAAGCCC-1,Layer3
GATTAATCCTGGCTCA-1,Layer1
GATTACTGAATTTGGG-1,Layer6
GATTCCCTTGTCGCAG-1,Layer5
GATTCCGCGTTTCCGT-1,Layer4
GATTCCTATACGGCGC-1,Layer3
GATTCGACGGTTCACG-1,Layer6
GATTGACACTCTGCTC-1,Layer3
GATTGCTCCAGTTGCA-1,WM
GATTGGGAAAGGTTGT-1,Layer4
GCAAACCCTACATTAT-1,Layer5
GCAAACCTTGGCCATA-1,Layer6
GCAAACGTAAGCGACC-1,WM
GCAAACGTCGCCAGGT-1,Layer2
GCAAAGGGCGTTAGCC-1,WM
GCAAATATTACGCTTT-1,Layer6
GCAACACACTAGAACT-1,Layer6
GCAACAGCAGTATGCG-1,Layer3
GCAACCACCAGACCGG-1,Layer3
GCAACCACGGCCGCGT-1,Layer6
GCAACGGCTAGTTATG-1,Layer3
GCAAGAATTCCTTGGC-1,Layer6
GCAAGATGTGTTCGCG-1,Layer2
GCAAGTGCACAGAGAA-1,Layer5
GCAAGTGTAAAGCATG-1,WM
GCACAAACCCTAGATG-1,WM
GCACAAACGAGGCGTG-1,Layer2
GCACAACCTCGGGCGT-1,WM
GCACAAGTGTCGGAAG-1,Layer3
GCACACACTGGTAGCC-1,Layer3
GCACACGCCCATGGTC-1,Layer4
GCACAGCACGGGCCGA-1,WM
GCACGCCTACTTAGAT-1,WM
GCACGTGGTTTACTTA-1,Layer3
GCACTAGTCGCGCTAT-1,Layer3
GCACTGCCTACCTTTA-1,Layer5
GCACTGTGCAAATGTA-1,Layer1
GCAGACCCAGCACGTA-1,Layer3
GCAGATCCATAAGACT-1,Layer5
GCAGATCCTCGCAAAT-1,Layer3
GCAGATTAGGGATATC-1,Layer6
GCAGCACACAGCCCAG-1,Layer6
GCAGCCTATATCACAT-1,Layer2
GCAGCGGTGGGCATTA-1,Layer1
GCAGGAACTTAGATCT-1,WM
GCAGGACTATAGAATA-1,Layer5
GCAGGTAGAGTATGGT-1,Layer3
GCAGTGTGGCTATAGG-1,Layer5
GCATACGAGGTCTTTA-1,Layer5
GCATAGAGCACTCAGG-1,Layer6
GCATCCCTAACTTTGA-1,Layer3
GCATCGGCCGTGTAGG-1,Layer3
GCATGAGGGACGCGGC-1,Layer5
GCATTCAAGGCAACGC-1,Layer3
GCATTCGAAATGAACA-1,Layer3
GCATTGTAATTCATAT-1,Layer6
GCATTTCCAAGGCTCC-1,Layer3
GCCAACCATTTCCGGA-1,Layer3
GCCAAGAATACTTCTG-1,Layer6
GCCAATAGGGCATCTC-1,Layer3
GCCACAATTTAAGGAC-1,WM
GCCACTCAGAGCGCGA-1,Layer3
GCCAGGAAAGAACACT-1,WM
GCCAGGAGTAACCGAT-1,Layer4
GCCAGGCGTTCGCATG-1,Layer3
GCCATATTGCACACAG-1,Layer4
GCCATCGAGCTGCGTG-1,WM
GCCATCGATGCTGCAT-1,Layer3
GCCATTAGCCTCAAAC-1,WM
GCCCACCAAGGCTGTC-1,Layer3
GCCCAGTTGGTATGCC-1,Layer4
GCCCATGGGTGCAATG-1,Layer2
GCCCGACTTCTTCCCG-1,WM
GCCCGAGAGTCTAAAT-1,WM
GCCCGATCTGTGGTCG-1,Layer6
GCCCGCGCGTAAACGG-1,WM
GCCCGCGCGTTTGACA-1,Layer3
GCCCGTAATACCTTCT-1,Layer5
GCCCTAGCCGTCGCGA-1,WM
GCCCTGAGGATGGGCT-1,Layer5
GCCGAAATTCCTACGT-1,Layer6
GCCGACCCACGACTGC-1,WM
GCCGATTGGCCAAGCT-1,Layer6
GCCGCATTAGTCCGGC-1,Layer5
GCCGCTAGATACGCAG-1,Layer2
GCCGCTTGTGAGAAAC-1,Layer6
GCCGGAAACACATCTT-1,Layer1
GCCGGGTTAGGGTCGC-1,Layer6
GCCGGTTTGGGCGGAT-1,Layer1
GCCGTCGGTTTCGGGC-1,WM
GCCGTGGAAGAAATGT-1,Layer2
GCCTAGCGATCTGACC-1,Layer4
GCCTATAGTGTCAGGG-1,Layer4
GCCTATTCCGATATAG-1,Layer4
GCCTATTTGCTACACA-1,Layer2
GCCTCATCTGGAAATA-1,Layer4
GCCTCCGACAATTCAC-1,Layer3
GCCTCTATACATAGCA-1,Layer5
GCCTGCTACACTGAGA-1,Layer1
GCCTTCAGCCCTACCG-1,Layer3
GCCTTGTATATGCAGT-1,Layer2
GCCTTTGTCAGTGGAC-1,WM
GCGAAACGATCGGGAG-1,Layer3
GCGAAACTTAACTGGA-1,Layer5
GCGAAGAATCTGACGG-1,Layer3
GCGAAGCCATACCCGT-1,Layer6
GCGACATGTAAACATC-1,Layer3
GCGACCCAACCATCTG-1,WM
GCGACGATAGTTGTAC-1,Layer6
GCGAGAAACGGGAGTT-1,Layer1
GCGAGAGGCCATGTAA-1,Layer2
GCGAGAGTTGCGTCCA-1,Layer3
GCGAGCGCATGCTCCC-1,Layer3
GCGAGGCCCGAGCAGA-1,Layer6
GCGAGTTCTGCAAAGA-1,Layer6
GCGATTCTGGAAGCAG-1,Layer3
GCGATTGTTAACGTTA-1,Layer6
GCGCAAATATATTCAA-1,WM
GCGCAAGAGCGCGCTG-1,Layer3
GCGCATCCAGTCAGCA-1,Layer4
GCGCCGTTCCACGATA-1,Layer6
GCGCCTCCCACTCCGA-1,Layer3
GCGCGGTCTAGTAACT-1,Layer6
GCGCGTCATTGGTACA-1,Layer5
GCGCTAAGTATGCATG-1,Layer3
GCGCTAATTGAATAGA-1,Layer6
GCGCTATGCCGAGGCA-1,WM
GCGCTGATCCAGACTC-1,Layer3
GCGCTGCTTTGCATTT-1,Layer4
GCGCTTAAATAATTGG-1,Layer4
GCGGACCGCGTTGTGG-1,WM
GCGGAGAAACTTCGCA-1,WM
GCGGAGAGGGAGAACG-1,Layer5
GCGGCAAAGTATTGCC-1,WM
GCGGCTCTGACGTACC-1,Layer6
GCGGGAACCAGGCCCT-1,Layer4
GCGGGCGAGCCTTACC-1,WM
GCGGTCCCTAGACGCA-1,Layer3
GCGGTGAACTGCGCTC-1,Layer3
GCGGTTCCCTATCATG-1,WM
GCGTAAATGGCCATAA-1,Layer3
GCGTCCCTAAGACATA-1,WM
GCGTCGAAATGTCGGT-1,Layer4
GCGTCGCCAGGGTGAT-1,Layer6
GCGTCTCTGCATTGGG-1,Layer6
GCGTGGTACTGGGTTA-1,Layer4
GCGTGTATGTCGTATT-1,Layer2
GCGTTATATTTGGAAC-1,Layer3
GCGTTCGGAGACCGGG-1,Layer3
GCTAAACCTGAGGTGA-1,Layer3
GCTAACTGAAGTCTGA-1,Layer4
GCTAAGTAAAGGCGAT-1,Layer3
GCTAAGTAGTTTCTCT-1,Layer5
GCTAATACCGAATGCC-1,Layer5
GCTACAATCGAGGATA-1,Layer3
GCTACAGTACGGACCG-1,Layer5
GCTACGACTTATTGGG-1,Layer6
GCTACTATAGTAGAGT-1,Layer4
GCTAGACCGTCTACTG-1,Layer3
GCTAGAGTAGAGATGT-1,Layer3
GCTAGCAGGGAGTGGG-1,Layer3
GCTAGCGATAGGTCTT-1,WM
GCTAGCTTGAATAGCT-1,WM
GCTAGGCACCACGGAG-1,Layer5
GCTAGTAGAGCTTGTA-1,Layer6
GCTAGTTTCATTGAGG-1,Layer3
GCTATACGTCTCGGAC-1,Layer4
GCTATCATACTCATGG-1,Layer5
GCTATCGCGGCGCAAC-1,Layer3
GCTCAATCCGTTTATT-1,WM
GCTCAATGTAATACCG-1,Layer6
GCTCATTACTGCATGT-1,Layer3
GCTCCCAGTCGGTCCA-1,Layer3
GCTCCGCTCGCTTCAG-1,Layer3
GCTCCGGACGTTGATA-1,Layer1
GCTCCTGACATACTGG-1,WM
GCTCGCGGTTCCGCTC-1,Layer3
GCTCGCTCATGTCCAA-1,Layer3
GCTCGGAATTTAAAGC-1,Layer5
GCTCTAAACCCTGACG-1,Layer5
GCTCTATGTTACGTGC-1,Layer5
GCTCTCGGGTACCGAA-1,Layer5
GCTCTTTCCGCTAGTG-1,Layer6
GCTGAATCTTCCAATC-1,WM
GCTGAGGCGTGAGTAT-1,Layer6
GCTGCACGGTTTCTTA-1,Layer6
GCTGCTAAGTAGTCGA-1,Layer6
GCTGCTACTGCGTAGC-1,Layer5
GCTGCTCTCCGGACAC-1,Layer6
GCTGGACCCAAAGTGG-1,Layer2
GCTGGCATATTCACCT-1,Layer5
GCTGGCGGCGCATGCT-1,Layer6
GCTGGGTCCGCTGTTA-1,Layer1
GCTGGTTTAGGCCATA-1,WM
GCTGTATTACTGGCCC-1,WM
GCTGTCTGTGATCGAC-1,Layer2
GCTGTTGCTACCGAAC-1,Layer4
GCTTAATGTAACTAAC-1,Layer5
GCTTACGTAGTTAGTA-1,Layer3
GCTTATGAAGCAGGAA-1,Layer5
GCTTCCATGTAACCGC-1,
GCTTCCGTCCCTAGAC-1,Layer5
GCTTCGACGTTCAATC-1,WM
GCTTGATGATAATCAG-1,Layer4
GCTTGGATCGATTAGG-1,Layer3
GCTTTCAGAGGAGGTG-1,Layer4
GGAAACCTTGTTGAAT-1,Layer3
GGAAACTAAATGGGCC-1,Layer3
GGAAAGTGCCCATGCC-1,Layer4
GGAACCGTGTAAATTG-1,WM
GGAACCTTGACTCTGC-1,WM
GGAACGGCCTGCAGCC-1,Layer3
GGAACTTTGGCGATTA-1,Layer2
GGAAGCTCGCTTACAG-1,Layer3
GGAATAACCTCAAGAA-1,Layer3
GGAATGCGCTAGCGTG-1,Layer5
GGACACAAGTTTACAC-1,Layer3
GGACCAACAGGATAAC-1,Layer6
GGACCTACGGTAACGT-1,Layer2
GGACCTCTAGGCCGCC-1,WM
GGACGGCTTGCGCAAC-1,Layer2
GGACTCGACAGCGCAT-1,WM
GGACTCGTGAGTGGTC-1,WM
GGAGAAGTCATTGGCA-1,Layer4
GGAGACCATCTACATA-1,Layer6
GGAGACGACACCTTTG-1,Layer6
GGAGCAACATTTCAAG-1,Layer3
GGAGCACCAAGAACTA-1,Layer5
GGAGCGAGGCCTACTT-1,Layer5
GGAGGATTGAAAGGAG-1,Layer3
GGAGGCCGAAGTCGTC-1,Layer2
GGAGGCGAAGAACCGC-1,Layer1
GGAGGGCTTGGTTGGC-1,Layer5
GGAGGGTCAAGTAAGA-1,Layer2
GGAGTGCCGCCCTGGA-1,Layer4
GGAGTTGATTCTGTGT-1,
GGATACTCATGAATTG-1,Layer2
GGATCAAAGGACGAGG-1,Layer2
GGATCATCCCGTACGC-1,Layer3
GGATCCCTACCAGCTA-1,Layer1
GGATCCGGAATATACT-1,Layer5
GGATCTTACTGCCCTT-1,WM
GGATCTTGACTCAACC-1,WM
GGATGAAGATCGCTGA-1,Layer4
GGATGACGCGAGTTTA-1,Layer6
GGATGCTGGCGTTCCT-1,Layer5
GGATGTCCTTACCGCA-1,Layer5
GGATTAAGCTAAGGTC-1,Layer3
GGATTCAGTACGGTGG-1,Layer3
GGATTCCGCTATACCC-1,Layer5
GGATTGAAGTAGCCTC-1,
GGATTGCTGTGACTCC-1,Layer4
GGATTTCACTTCTATA-1,Layer5
GGCAAAGGCGCCAATA-1,WM
GGCAAATTACTTTACT-1,Layer6
GGCAAGCCCATAGTGG-1,Layer6
GGCAAGGCGAAATAGC-1,Layer6
GGCAATAGTCAATGAG-1,Layer6
GGCACTCCACTGGGCA-1,Layer6
GGCAGCAAACCTATGC-1,Layer3
GGCAGCGGTAATCCTA-1,Layer3
GGCATACAGGTAGCGG-1,Layer5
GGCATATCGGTTCTGC-1,Layer4
GGCATCAACGAGCACG-1,Layer1
GGCCACAAGCGATGGC-1,Layer1
GGCCCTCACCCACTTA-1,Layer5
GGCCGAGACTCTGGTG-1,WM
GGCCGGCGTCTGCTAT-1,Layer5
GGCCGTTTGGGTTTCA-1,WM
GGCCTGCTTCTCCCGA-1,Layer2
GGCGAAATCTAACTTG-1,Layer5
GGCGAGCATCGAGGAC-1,Layer1
GGCGAGCGAAACGGCA-1,Layer6
GGCGCAGGACATCTTC-1,Layer5
GGCGCATGAATTGATG-1,Layer6
GGCGCGGAGATCTTTC-1,Layer4
GGCGCGTTCGAGTTTA-1,Layer6
GGCGCTCCTCATCAAT-1,Layer3
GGCGCTTCATTCCCTG-1,Layer5
GGCGGAGTAATATTAG-1,Layer6
GGCGGTAGGATCATTG-1,Layer6
GGCGGTTTGCCGGTGC-1,Layer1
GGCGTACCCTATATAA-1,Layer1
GGCGTAGGGAAAGCTG-1,Layer4
GGCGTCCTATCCGCTG-1,Layer5
GGCTAAAGGGCGGGTC-1,Layer3
GGCTACTATACACTCC-1,WM
GGCTATTAAGTTGTAT-1,Layer5
GGCTCCTCCACCTGTT-1,WM
GGCTCGCGTTGAGGTA-1,Layer4
GGCTCGTGCCACCAGC-1,Layer3
GGCTCTGCTCCAACGC-1,Layer5
GGCTGAAATAGCAAAG-1,Layer5
GGCTGAGCATCGTAAG-1,Layer2
GGCTGGCTAGCTTAAA-1,Layer1
GGCTTTCAATAAGGGT-1,Layer6
GGGAACCACCTGTTTC-1,Layer1
GGGAACGGGAGGTTAG-1,Layer6
GGGAACGGTTTCAGAT-1,WM
GGGAAGACGGTCTGTC-1,Layer5
GGGAAGGGCTTTCTCA-1,Layer3
GGGAATGAGCCCTCAC-1,Layer3
GGGACAGAGTTACTCC-1,WM
GGGACCCGTATATCTT-1,Layer6
GGGACTGCATAGATAG-1,Layer6
GGGAGAACTCACAGTA-1,Layer6
GGGAGGATGCCCGAAA-1,Layer6
GGGAGTAATGGCTGGC-1,Layer2
GGGAGTTAATGAGGCG-1,Layer6
GGGATGGACCCGCGTC-1,WM
GGGATGGTCGTAACCG-1,WM
GGGATTTACCGCACCT-1,Layer5
GGGCAACCGCACGTGC-1,WM
GGGCAGAGCAATCGTT-1,Layer6
GGGCAGGATTTCTGTG-1,WM
GGGCCATTCGTGCTGG-1,WM
GGGCCCGTCTTAAACA-1,Layer6
GGGCCCTACGAAAGGG-1,Layer5
GGGCCGGCCGAAGTAC-1,Layer5
GGGCCTAAATGGGCTA-1,Layer5
GGGCGATATGTGTGAA-1,Layer6
GGGCGGCAAATGAATT-1,WM
GGGCGGGTTCCCTACG-1,Layer6
GGGCGGTCCTATTGTC-1,Layer2
GGGCGTACATTTATAT-1,Layer5
GGGCGTCACCACGTAA-1,WM
GGGCGTCCACTGGCTC-1,Layer3
GGGCGTGGTTTCCCAG-1,Layer5
GGGCGTTTACATTCAT-1,WM
GGGCTATGATCGATGG-1,Layer6
GGGCTCATCGAACCCA-1,Layer5
GGGCTGCCTAGGGCGA-1,Layer6
GGGCTGGTTAGTCGCG-1,Layer6
GGGTAATGCTGTGTTT-1,Layer1
GGGTACACTCTGGAGG-1,Layer1
GGGTACCCACGGTCCT-1,Layer2
GGGTACTTCATGAACT-1,Layer6
GGGTATGTATGCACTT-1,Layer4
GGGTATTCTAGCAAAC-1,WM
GGGTCACCGTGACGGT-1,Layer6
GGGTCACGTGCTTATG-1,Layer1
GGGTCAGGAGCTAGAT-1,Layer6
GGGTCATGCGTACCAT-1,Layer3
GGGTCGTGGCAAGTGT-1,Layer3
GGGTCTATCGCTTTCC-1,Layer2
GGGTGACACCTTAACT-1,Layer6
GGGTGCATATGAAAGC-1,Layer2
GGGTGGTCCAGCCTGT-1,Layer3
GGGTGTTTCAGCTATG-1,Layer4
GGGTTAACATTTGAGT-1,WM
GGGTTCAGACGAACAA-1,Layer3
GGGTTTAGGATAGGAT-1,Layer3
GGTAAACTCTGCGCTG-1,
GGTAAATGTGCGTTAC-1,Layer3
GGTAACCGGGAGGATA-1,WM
GGTAACTATGTATCTG-1,Layer3
GGTACAAACATGCTAT-1,Layer6
GGTACATCTGGGACGA-1,Layer5
GGTACCATTAAGACGG-1,Layer3
GGTAGAAGACCGCCTG-1,Layer6
GGTAGACCGTTGGGCG-1,Layer6
GGTAGTGCTCGCACCA-1,Layer6
GGTATAGTGACACATA-1,Layer2
GGTATTGCCGAGTTTA-1,Layer6
GGTCAAGACTACTTCG-1,Layer3
GGTCACGTTAGATTCA-1,Layer1
GGTCAGTGGGTCCCAC-1,Layer6
GGTCATTGTAGTCATA-1,Layer1
GGTCCTTCATACGACT-1,Layer1
GGTCGGATAAACGGCG-1,Layer3
GGTCGGCCAGGAGCTT-1,Layer5
GGTCGGTAATTAGACA-1,Layer2
GGTCGGTCGTCCACAG-1,Layer6
GGTCGTAAGCTCGCAC-1,Layer6
GGTCTCCGTCCAGGTT-1,Layer3
GGTCTCTGAATGGACT-1,WM
GGTCTGAGAATCTGGA-1,Layer5
GGTCTTGAGCGCTCTT-1,Layer6
GGTGAAACCGGGAATG-1,Layer1
GGTGAACGGGCTAGCC-1,Layer1
GGTGAAGTACAGGGAT-1,WM
GGTGAGATGCAGATAA-1,Layer3
GGTGATAAGGAGCAGT-1,Layer5
GGTGATTTCATCTTGT-1,Layer2
GGTGCAGAGCCTATCG-1,Layer2
GGTGCATAAATGATTA-1,Layer6
GGTGCGGATAAGTGGC-1,Layer3
GGTGCTGATCACAAAG-1,Layer3
GGTGCTGGTACACATT-1,Layer6
GGTGGACCACGTGTTA-1,Layer1
GGTGGACTGCTCTGGC-1,Layer5
GGTGTAAATCGATTGT-1,Layer6
GGTGTTCTGTTTCTAC-1,Layer3
GGTTACCACCCTCGGG-1,Layer6
GGTTAGCTATATGTCT-1,Layer5
GGTTAGGCTTGGAGAA-1,Layer5
GGTTAGTTACGGCGCC-1,Layer3
GGTTCCACCCGCTTCT-1,Layer3
GGTTCTACTCGTCTGA-1,Layer3
GGTTGTATCGTGAAAT-1,Layer1
GGTTGTGTAGCCTGGC-1,Layer4
GGTTTAATTACCATCG-1,WM
GGTTTACAATCTCAAT-1,Layer5
GGTTTAGCCTTTCTTG-1,Layer3
GGTTTCAATCGGTCAG-1,Layer5
GGTTTGAGTGCTGGAA-1,Layer3
GGTTTGTGACCTGAGG-1,Layer3
GTAACATCTAAGATAA-1,Layer3
GTAACTGCCCAAGGAG-1,Layer6
GTAACTTGCGGCAGTC-1,Layer2
GTAAGCGGGCAGTCAG-1,Layer5
GTAAGGATTTGTCGGA-1,Layer3
GTAAGTAACAGTCTGG-1,Layer5
GTAAGTAGGGTATACC-1,Layer5
GTAATAAAGGGCTCCC-1,Layer3
GTAATCTGATTCTTCG-1,WM
GTACACTTACCTGAAG-1,Layer6
GTACAGAGGCAAGGGT-1,Layer5
GTACGACGGCGCTGCG-1,Layer1
GTACGAGATTGCGACA-1,Layer5
GTACGCTTCATTGCAC-1,Layer6
GTACGTCACGTATTAA-1,Layer1
GTACGTTTGCCCGTCA-1,Layer6
GTACTAAGATTTGGAG-1,Layer5
GTACTCCCTTATCGCT-1,Layer5
GTACTCCTGGGTATGC-1,Layer3
GTACTGAGGTCGTAAC-1,Layer3
GTACTGCATGAAGCGT-1,Layer2
GTACTGGAGTTAGACC-1,Layer5
GTACTTGGGCACTTCT-1,Layer3
GTAGAAACGGGTGGAG-1,Layer3
GTAGACAACCGATGAA-1,Layer3
GTAGACACGCCTGACT-1,Layer6
GTAGACGTCGTTACAT-1,Layer3
GTAGAGGGAGACAAGT-1,WM
GTAGCCAAACATGGGA-1,Layer6
GTAGCGCTGTTGTAGT-1,Layer2
GTAGCGGCTATACACT-1,Layer6
GTAGCTAGTAAGCGCG-1,Layer3
GTAGCTCCGGGAGGCT-1,WM
GTAGCTTCCTCTTGTT-1,Layer5
GTAGGTGATCCGTGTA-1,Layer4
GTAGTCGCGGGAATCA-1,Layer5
GTAGTCTACGATATTG-1,Layer5
GTAGTTCGAAGGCGAA-1,WM
GTATAATCTCCCGGAT-1,Layer1
GTATAGGACTCAGTAG-1,Layer5
GTATAGTGGCCCATGT-1,Layer3
GTATATGTTACGGCGG-1,Layer1
GTATCAAACGTTAGCT-1,Layer3
GTATCAGCTTGGGTTC-1,Layer3
GTATCCTTTGGTAACC-1,Layer3
GTATCGGGACGAGCTG-1,Layer1
GTATCTCAGTCTTGAC-1,WM
GTATCTCCCTAACTGT-1,Layer1
GTATCTTGTTGCTCAC-1,Layer1
GTATCTTTCATAACCA-1,Layer6
GTATGAAATTTCACTC-1,WM
GTATGACGTGGGAAAC-1,Layer1
GTATGTGGGTCTAGTT-1,Layer5
GTATTAAGGCGTCTAA-1,Layer3
GTATTCTGAGAAACGA-1,WM
GTATTTAATGGCATAA-1,Layer2
GTCAAAGAAGTGGTGT-1,WM
GTCAAAGTTTACATAG-1,Layer2
GTCAACCAGGCCTATA-1,Layer3
GTCAAGCGGACTCGGG-1,Layer6
GTCAATTGTACTGAAG-1,Layer1
GTCACAAAGTTTCCAA-1,Layer3
GTCACCTGTCTATGTC-1,Layer2
GTCACTCTCCAAATCT-1,Layer3
GTCAGAATAGTCTATG-1,Layer5
GTCAGTTGTGCTCGTT-1,Layer3
GTCAGTTTGGTAGTCG-1,Layer3
GTCATCTCCTACAGCT-1,Layer1
GTCATGCACCTCCGTT-1,Layer6
GTCATGCGCGAGGGCT-1,Layer3
GTCATGGACATGACTA-1,Layer5
GTCATTAGAGCGAACG-1,Layer6
GTCATTGCATTGACCC-1,Layer4
GTCCAATATTTAGCCT-1,Layer6
GTCCATTACTGCTACG-1,Layer3
GTCCCAACGTAAAGTA-1,Layer6
GTCCCGCGACGTTATG-1,Layer5
GTCCGGACCTGAAATT-1,Layer4
GTCCGGCTGAATTGCG-1,Layer5
GTCCTACAGGCGGCTC-1,Layer3
GTCCTACGAATAGTCT-1,Layer4
GTCCTAGGATACCTTA-1,WM
GTCCTTCTAGTGGGTT-1,Layer3
GTCCTTTAATGACTTC-1,Layer1
GTCGAATTTGGGCGCT-1,WM
GTCGCCGTTGTGTGTT-1,WM
GTCGCGTAACCCGTTG-1,Layer6
GTCGGATATCTCAGAC-1,Layer5
GTCGGATGTAGCGCGC-1,Layer4
GTCGGGAAGCAGAAAC-1,Layer6
GTCGTACCATCTCGGG-1,Layer6
GTCGTATTGGCGTACA-1,Layer3
GTCGTCAATTATAAGG-1,Layer3
GTCGTGTCTGGTCATC-1,Layer3
GTCGTTATTCGCTTAT-1,Layer5
GTCTACTCAATTACAA-1,Layer5
GTCTAGTGAGCCGCTT-1,Layer3
GTCTATCTGAGTTTCT-1,Layer6
GTCTATTGGTTCCGGT-1,Layer4
GTCTCAAGGCCCGGCT-1,Layer6
GTCTCCTGCCAGTATG-1,WM
GTCTCGACTAAGTTTG-1,Layer2
GTCTCGATCTGCTTTC-1,Layer5
GTCTCGCCAACACGCC-1,Layer2
GTCTGGGCGGTCGAGA-1,WM
GTCTGTAGGTTGAACA-1,WM
GTCTTAGTACAGCCGG-1,Layer3
GTCTTGAGGAGCAGTG-1,Layer2
GTCTTGTAGCTATTCA-1,Layer3
GTGAAACGGCGCCACC-1,Layer5
GTGAAACGTGCTCCAC-1,Layer2
GTGAACTCCCATTCGA-1,Layer3
GTGAAGATTTCAAGTG-1,Layer3
GTGAAGCCGTATAGTC-1,Layer3
GTGAAGTCACGACTCG-1,Layer6
GTGACAGCTTCCCACT-1,Layer5
GTGACCGCACACTACG-1,Layer5
GTGACGAGGGTGACCC-1,Layer2
GTGACGCAGGTTTCAT-1,Layer5
GTGACTTCAGTAGTGC-1,WM
GTGAGATAACCTTATA-1,WM
GTGAGCGTGCTGCACT-1,Layer5
GTGAGGACACTTAAGG-1,Layer6
GTGAGGAGCGGTTGAG-1,Layer3
GTGAGTGGTACAACGC-1,Layer6
GTGATCAAGCGTGCAC-1,WM
GTGATCACTAACGCCT-1,Layer3
GTGATCATAGATCTGC-1,Layer6
GTGATCCTTGTCATGA-1,Layer4
GTGATGCACAACATCT-1,Layer3
GTGATTCGCCGCTCAA-1,WM
GTGCAACAAATGTGGC-1,Layer3
GTGCACCAGCTTCAAC-1,Layer6
GTGCACGAAAGTGACT-1,Layer4
GTGCCATCACACGGTG-1,Layer6
GTGCCCGTTCGGATTC-1,Layer5
GTGCCGCTTCAAAGGT-1,WM
GTGCCTAGCTATGCTT-1,Layer1
GTGCCTCAGTGTACGG-1,Layer3
GTGCGAAATCGAACAC-1,WM
GTGCGACAGGGAGTGT-1,Layer3
GTGCGCAGCTTGCTCC-1,Layer1
GTGCGCTTACAAATGA-1,Layer1
GTGCGGGACCATCGGC-1,Layer1
GTGCGGGTCTCCAAAT-1,Layer5
GTGCGTGTATATGAGC-1,Layer5
GTGCTCAAGTACTGTC-1,Layer6
GTGCTTACATCAGCGC-1,Layer2
GTGGAACCTACATGCG-1,Layer3
GTGGACCAACCCGATT-1,Layer6
GTGGACGCATTTGTCC-1,Layer6
GTGGACGTGCTGAGAC-1,Layer3
GTGGAGCGTTTACCGA-1,WM
GTGGAGTCGGCGGTTG-1,WM
GTGGCAAACAGCGGCA-1,WM
GTGGCCGGTTTCTCGG-1,WM
GTGGCGGGCCGTAGCT-1,Layer2
GTGGCGGTCCCAGCGT-1,Layer5
GTGGCGTGCACCAGAG-1,Layer1
GTGGGAAGACTGAATC-1,Layer6
GTGGGCTTAGACACAC-1,Layer5
GTGGTATAGTCTGCCG-1,WM
GTGGTCAGCGAAGTAT-1,Layer3
GTGGTGGCCAAGTGAA-1,Layer5
GTGGTTACTTCTTTCG-1,Layer3
GTGGTTTCCGCCTTTC-1,Layer6
GTGTACCTTGGCTACG-1,Layer5
GTGTATATCAGCGGGC-1,Layer5
GTGTATGACTTTAAAG-1,Layer1
GTGTCAGTGTACGTGG-1,WM
GTGTCCGATAAGGCAT-1,Layer2
GTGTCGTATAGCGTTC-1,Layer5
GTGTGAATAACTTAGG-1,Layer5
GTGTGAGCCGAGGTGC-1,Layer1
GTGTTACTATGCGTCC-1,Layer6
GTTAAAGTAGGACTGG-1,Layer5
GTTAACATCACTTAAA-1,Layer5
GTTAACTATGTTGTCA-1,Layer3
GTTAAGGGTGCGATGT-1,Layer5
GTTAAGTTAGAGTGGG-1,Layer2
GTTAATGTCTATCTTA-1,Layer3
GTTACAATTGGTGACG-1,Layer6
GTTACCTACAACTTGC-1,Layer6
GTTACGAAATCCACGC-1,Layer1
GTTACTTTGGGCCTAG-1,Layer6
GTTAGAGTGTGCCGCT-1,Layer3
GTTAGCCCATGACATC-1,Layer5
GTTAGCCGTAAATCAA-1,Layer3
GTTAGGCTACCCGTTT-1,WM
GTTATAATACGGTGAA-1,Layer3
GTTATATTATCTCCCT-1,Layer6
GTTATCACCTTCTGAA-1,Layer2
GTTATTAAATACGACC-1,Layer3
GTTATTAACGTGGGAG-1,Layer3
GTTCAATCTATGTCAA-1,Layer3
GTTCACAGGAGTCTAG-1,Layer5
GTTCAGTCGCCAAATG-1,Layer6
GTTCATCGTTTGGCTG-1,Layer3
GTTCCAAGACAGCGAC-1,Layer1
GTTCCAGTCTGACCAT-1,Layer4
GTTCCGTCCGCCTGCA-1,WM
GTTCGCCATAAGTGCC-1,Layer6
GTTCGCTGAGACGTCT-1,Layer3
GTTCGGATCGGGAACA-1,Layer3
GTTCGGGCGTACCATT-1,Layer3
GTTCGTCTAAAGAACT-1,Layer4
GTTCGTTGCGGACCAG-1,Layer1
GTTCTTCCCTCGATGT-1,Layer3
GTTGAACCGGTTCCAT-1,Layer6
GTTGAGTCCCGCCGGT-1,Layer5
GTTGCACGGAGTTTCG-1,Layer5
GTTGCGGACGGTCAGG-1,Layer2
GTTGGATTCAGTGGCT-1,Layer3
GTTGGATTGAGAACAC-1,Layer5
GTTGGATTTGCGTTGG-1,Layer6
GTTGGTCATGCTATCC-1,Layer6
GTTGTCGTGTTAGTTG-1,Layer3
GTTTACGTTCCATCTG-1,Layer6
GTTTCAAACGAGTTGT-1,Layer3
GTTTCATATCGTCGCT-1,Layer6
GTTTCCTGGAGGGTGA-1,Layer5
GTTTCTGCAGTCTCCC-1,Layer6
GTTTGACCAAATCCTA-1,Layer6
GTTTGAGCGGTTATGT-1,Layer1
GTTTGGCCCAAGTTAT-1,Layer5
GTTTGGCCGCTCAGCG-1,Layer2
GTTTGGGCTTGTGAGC-1,Layer6
GTTTGGGTTTCGCCCG-1,Layer3
GTTTGGTAGGGTCAAC-1,Layer6
GTTTGGTGATCGGTGC-1,WM
TAAACCCAGGAGGGCA-1,WM
TAAAGAGCCCGAAACC-1,Layer3
TAAAGCGGTATTTCCA-1,Layer6
TAAAGCGTTAGGAGAA-1,Layer5
TAAAGCTGCAATAGGG-1,Layer3
TAAAGGAGAAACTAGT-1,Layer2
TAAATGAATCCGTTTC-1,Layer3
TAAATGCCGTCTCATG-1,Layer2
TAAATTTAGTAACACC-1,WM
TAACAAAGGGAGAAGC-1,Layer3
TAACAATATTTGTTGC-1,Layer3
TAACAGCGTTTGTGCT-1,WM
TAACATACAATGTGGG-1,Layer6
TAACATACACGCGATC-1,WM
TAACCGCCCGCAGTGC-1,Layer3
TAACCTACCGTCCGAG-1,Layer3
TAACCTAGGGAGTCCA-1,Layer3
TAACGCTTTGAGAGCG-1,Layer4
TAACTATCGAAGGTCC-1,Layer4
TAACTATTACGCCAAA-1,Layer3
TAACTCATCCGCGCGG-1,WM
TAACTCCATGGAGGCT-1,Layer3
TAAGAGGGACAGGGAC-1,WM
TAAGATTTAGCGGGAG-1,Layer1
TAAGCAGGCGACACGC-1,Layer5
TAAGCGCGAATCAAAT-1,WM
TAAGGAACTTGTGGGA-1,Layer3
TAAGGCAACATAAGAT-1,Layer5
TAAGGCATAACATCAA-1,WM
TAAGGCCCGTCACCCT-1,Layer5
TAAGGCTGAATCCCTC-1,Layer3
TAAGGGCCTGTCCGAT-1,Layer3
TAAGGGCTGGGAGAGG-1,Layer5
TAAGTAAATGTGCCGC-1,Layer2
TAAGTAACATCTTGAC-1,WM
TAAGTCGCCGAGTATC-1,WM
TAAGTTGCGACGTAGG-1,Layer3
TAATAAACAAGGAGAT-1,Layer3
TAATACACAGTAGTAT-1,Layer5
TAATAGAACAGAGTTA-1,WM
TAATAGGTCACCAGAA-1,WM
TAATAGTGACGACCAG-1,Layer5
TAATATTGAAATTCGC-1,Layer3
TAATCGATCCGTACGT-1,Layer4
TAATGAAAGACCCTTG-1,Layer3
TAATTACGTCAGTAGA-1,Layer3
TAATTAGATGGATATG-1,Layer1
TAATTAGGACATCCGT-1,Layer3
TAATTGGAATCGGGAA-1,Layer3
TACAAATTGCGGAGGT-1,Layer2
TACAACGCACAACTCA-1,Layer6
TACAAGCTGTTCACTG-1,Layer1
TACAAGTCTCGTGCAT-1,Layer5
TACAGAAACGGTGGGC-1,Layer4
TACATAGGCATACACC-1,Layer6
TACATCCCTATCCCTG-1,Layer6
TACATTTCTAACGTGC-1,Layer6
TACCAAATAGCCCAGA-1,Layer6
TACCAATAAAGTACCA-1,Layer5
TACCAGAAGTAGGTTC-1,WM
TACCAGCTAGGTTTAA-1,Layer3
TACCAGGAATCCCGTC-1,WM
TACCGCGGACTTGCAG-1,Layer3
TACCGGCTCACTGCCC-1,Layer6
TACCGGTCGTTTCCAT-1,Layer6
TACCGTAGGTTAACTA-1,Layer6
TACCGTGCCTCGGACC-1,Layer6
TACCTACTCCCAGTAT-1,Layer6
TACCTCACGCTTGTAC-1,Layer4
TACCTCAGTTGTCTGT-1,Layer6
TACCTCCACACCAATG-1,WM
TACCTGCTGCACTGTG-1,Layer4
TACCTTAAGATTTCCC-1,WM
TACGAACACGACTTCA-1,Layer6
TACGACGCTTGCTGCG-1,Layer6
TACGACTGCCTCTTAG-1,Layer6
TACGAGAACTTCACGT-1,Layer6
TACGATGTTGATCATC-1,Layer5
TACGCAGTTCTTTCCT-1,Layer6
TACGCCATATTCTAAT-1,Layer6
TACGCCGAGGGTACCC-1,WM
TACGCCTCCATTCCGA-1,Layer6
TACGCTATAGAAACCT-1,Layer3
TACGCTCGGTATTGGA-1,Layer2
TACGCTGCTGTGTTAA-1,WM
TACGGGATGCTAGCAG-1,Layer5
TACGTAAAGCGGAGTG-1,Layer3
TACGTACTAGTGCTGA-1,WM
TACGTGCACTATGCTG-1,Layer3
TACGTTTACCGGCAAT-1,Layer6
TACTATGGTTCCTCAG-1,WM
TACTCCTCTAGTTGAC-1,WM
TACTCGGCACGCCGGG-1,Layer5
TACTCTCCGAACAAAT-1,Layer5
TACTCTTACTTTACTG-1,Layer2
TACTCTTTCGTCTTCA-1,WM
TACTGAACAGATTTAG-1,WM
TACTGAGGGAAGAAAG-1,WM
TACTGCAATCAATTAC-1,Layer3
TACTGGACAGCTCGGC-1,Layer5
TACTGTTTCTCTGGTA-1,Layer2
TACTTGTTAGTAGTCC-1,Layer5
TACTTTACTGAGCCGG-1,Layer3
TACTTTCCGCACGCCA-1,Layer6
TAGAAACCACTAAGTA-1,Layer3
TAGAAAGGTGGCGCTA-1,Layer5
TAGAAATTCACGTATA-1,Layer5
TAGAATAGCCGATGAA-1,Layer3
TAGAATTAAGGGCAAC-1,Layer3
TAGACGAAACGCCAAT-1,Layer5
TAGACGCCCGTACCGG-1,Layer5
TAGACTACCTAGCGTT-1,Layer3
TAGAGATCATGCAACT-1,Layer6
TAGAGCTACGAAGAAC-1,Layer3
TAGAGGTTCTACTTGT-1,Layer3
TAGAGTCTAAGCGAAC-1,Layer6
TAGATATGGACTGGAA-1,Layer6
TAGATCCGAAGTCGCA-1,Layer3
TAGATGGTTCCTTACT-1,Layer3
TAGATTCAAAGTGCGG-1,WM
TAGATTCCTGGTTATT-1,Layer5
TAGCAACCTGTCACAA-1,Layer3
TAGCAGTATGACTAAA-1,Layer3
TAGCCAGAGGGTCCGG-1,Layer1
TAGCCATTTCAAAGTC-1,Layer5
TAGCCGGCGGTCAGCG-1,Layer5
TAGCGTCCCTCGATTG-1,Layer3
TAGCGTCCGGTGTGGT-1,Layer5
TAGCGTTGGGTCTTAC-1,Layer6
TAGCTAAGTCCGGGAG-1,Layer6
TAGCTAGAAGGCATGA-1,WM
TAGCTAGTGATGATGG-1,WM
TAGCTCGCCTGATAAC-1,Layer6
TAGCTGATGTGAAGCG-1,Layer5
TAGGAACAGCCTCCAG-1,Layer3
TAGGCATGTTACGCCA-1,Layer5
TAGGCCTATATAGTCT-1,
TAGGCGATGAGGTCTC-1,WM
TAGGCGGCTGCAAAGA-1,WM
TAGGCTAAAGTGGCAC-1,Layer3
TAGGGAGCTTGGGATG-1,Layer3
TAGGGTGTTTCAAGAG-1,Layer5
TAGGTCCAAGTAAGGA-1,Layer4
TAGGTCGCCGGAACTG-1,Layer3
TAGGTGACGATAACCT-1,Layer5
TAGGTGAGCCCTACTC-1,Layer5
TAGGTGCTCGCCTAGC-1,Layer5
TAGGTGTTCCACAGAT-1,Layer6
TAGGTTCGAGTTCGTC-1,Layer6
TAGTACCACAACTTTC-1,WM
TAGTACCTTAGTGGTC-1,Layer3
TAGTAGCTTATACCAG-1,WM
TAGTCCCGGAGACCAC-1,Layer6
TAGTCCGCAGAGAATG-1,Layer6
TAGTCCGTATGCATAA-1,Layer1
TAGTCGATCACGGGTT-1,Layer3
TAGTCTAACAACGAGA-1,Layer6
TAGTCTGCGGCACATT-1,WM
TAGTCTGTGACGTTGC-1,Layer3
TAGTCTTTCCGAATTG-1,Layer2
TAGTGCCCTCCAGAGT-1,Layer6
TAGTGGAACTCATACA-1,Layer3
TAGTGTCAGAAACGGC-1,Layer3
TAGTTAAGATAGGATA-1,Layer3
TAGTTTATTCTTGCTT-1,Layer3
TATAAATCCACAAGCT-1,Layer4
TATAAGTGAGGATAGC-1,Layer4
TATACACAGACGCCTT-1,Layer6
TATACACGCAAAGTAT-1,Layer3
TATACCGAGTGCCACA-1,Layer2
TATACGCGTCATCACT-1,Layer6
TATACTCATGCGGCAA-1,Layer3
TATAGAGTCGCTTGAA-1,WM
TATAGATGGTCGCAGT-1,Layer3
TATAGGGTACTCATGA-1,Layer5
TATATAGGGCTTTACG-1,WM
TATATATCGAGAAATG-1,WM
TATATCAAAGTGATCT-1,WM
TATATCCCTGGGAGGA-1,Layer3
TATATTACAAATGTCG-1,Layer3
TATATTCGCGTCGATA-1,Layer3
TATCACAGCACGGGCA-1,Layer2
TATCACCATGTAAAGT-1,Layer3
TATCACCCAACCGACC-1,Layer3
TATCACTTCGAGTAAC-1,Layer3
TATCAGTGGCGTAGTC-1,WM
TATCCAATTGGTTATC-1,Layer5
TATCCATATCATGCGA-1,Layer4
TATCCATCTCGGTTAG-1,WM
TATCCGCACCGTCGGG-1,Layer6
TATCCTATCAACTGGT-1,Layer6
TATCCTGCATGGGAAT-1,Layer3
TATCGATCTATGCATA-1,Layer5
TATCGATGATTAAACG-1,Layer5
TATCTACAGAGGTAAT-1,Layer4
TATCTACCACAGCGGG-1,Layer6
TATCTAGCCTAAAGGA-1,Layer4
TATCTGAGCCGATATT-1,WM
TATCTTGCAATACAAC-1,WM
TATGAAGACAGGTGCG-1,Layer4
TATGATAAATCTAACG-1,Layer3
TATGATCCGGCACGCC-1,Layer2
TATGATCTTCTCTTTA-1,Layer3
TATGATTCTGCTTGGT-1,Layer1
TATGCTCCCTACTTAC-1,Layer5
TATGGAGTTTCTCGTT-1,Layer1
TATGGATGTGCTACGC-1,Layer5
TATGGCCCGGCCTCGC-1,Layer5
TATGGGACCGAGCAGG-1,Layer6
TATGGGTACGTATCGT-1,Layer6
TATGGTCTGAGTAACA-1,Layer6
TATGGTTAGTGGGAGA-1,Layer3
TATGTAAAGTGCTTAA-1,WM
TATGTAGAAACCCGGC-1,WM
TATGTCAAGACCGACT-1,Layer3
TATGTCTCATTGTGCC-1,Layer5
TATTAACACCAAAGCA-1,WM
TATTAACCTGACCGCG-1,WM
TATTACCATCCTGCTT-1,Layer4
TATTATGTTTGCCTGC-1,WM
TATTCAATTCTAATCC-1,Layer6
TATTCCACTCAGCTCG-1,Layer6
TATTCCGAGCTGTTAT-1,Layer5
TATTCCGGCAGTCCTA-1,Layer2
TATTCCTCCGCCCACT-1,WM
TATTCGTGCCAGAATA-1,Layer6
TATTGCCGGGCTTGTA-1,
TATTTAGTCTAGATCG-1,Layer4
TATTTATACCGAGTAG-1,Layer4
TATTTGATTTGCACAG-1,Layer2
TATTTGTTACCCTTTA-1,Layer5
TCAAACAACCGCGTCG-1,Layer5
TCAAACTTAGATTGTT-1,Layer6
TCAAATTTGAGACTCA-1,Layer6
TCAACAAAGATAATTC-1,WM
TCAACACATTGGGTAA-1,Layer2
TCAACATAGCGCCCTA-1,WM
TCAACATCGACCGAGA-1,Layer6
TCAACCATGTTCGGGC-1,Layer5
TCAACGAGGAGACAAA-1,Layer6
TCAACGCAGGAAATAA-1,WM
TCAACGCGACCGGCAG-1,Layer5
TCAACTAACGTATAAC-1,Layer4
TCAACTGCAGAGTCAG-1,Layer3
TCAAGAAATACTAGCT-1,Layer3
TCAAGCGCGGACGGTA-1,Layer2
TCAAGGTTACTACACC-1,Layer3
TCAATACGCCGTCATG-1,Layer6
TCAATCCGGGAAGTTT-1,
TCACAAACCGAGGTAC-1,Layer3
TCACAGATCCTCAAAC-1,Layer1
TCACAGCAAACTCGAA-1,WM
TCACAGGAGAATAAGA-1,WM
TCACAGGGAATCGCAA-1,Layer5
TCACAGGTTATTGGGC-1,Layer6
TCACATCTTATCTGAT-1,Layer3
TCACCCTCTTAAGATT-1,Layer6
TCACCGCTCGGCACTC-1,Layer4
TCACGATGTCCGTGGA-1,WM
TCACGCATTGTAGATC-1,Layer6
TCACGGCCCAAGAGAG-1,WM
TCACGGTCATCGCACA-1,Layer5
TCACGTGCCCGATTCA-1,Layer6
TCACTACGACCAATGC-1,Layer3
TCACTATCGTGCAATC-1,Layer1
TCACTCAGCGCATTAG-1,Layer1
TCACTCGTGCAACGGC-1,Layer3
TCAGAACCTCCACAGG-1,Layer3
TCAGACGCTATAGAAG-1,Layer6
TCAGCAAATGCATCTC-1,Layer6
TCAGCAGTAGGCCCTG-1,WM
TCAGCCAATCCGTAAA-1,Layer3
TCAGGGCGCAAACTCG-1,Layer3
TCAGGGTGCACGAAAC-1,Layer3
TCAGGGTGTAACGTAA-1,Layer6
TCAGGTTCTTTGAGAA-1,Layer5
TCAGTACTGACCCGCG-1,Layer5
TCAGTAGGGACTATAA-1,WM
TCAGTGTATACGTCAT-1,WM
TCAGTTACGGAATGAT-1,Layer3
TCATACTTACAGATCC-1,Layer3
TCATATGAGCTTTGTT-1,Layer6
TCATCACTCGAGCTCG-1,Layer3
TCATCCCAGAGGGTGG-1,Layer3
TCATCGATGGTCCCAA-1,WM
TCATGCAGGTTCTCAT-1,Layer4
TCATTTAAGTCTCCGA-1,Layer3
TCATTTAGAAGTGTGA-1,Layer3
TCCAACTCAGCTATCT-1,Layer3
TCCAACTTTAAATTCT-1,Layer6
TCCAAGCCTAGACACA-1,Layer5
TCCAATAAAGGCTACC-1,Layer6
TCCACAATGGTTTACG-1,Layer5
TCCACATCGTATATTG-1,Layer6
TCCACCAAGACATAGG-1,
TCCACCTCTAGCCTTT-1,Layer6
TCCACTTTATCTAGGT-1,Layer5
TCCAGAGCACCGGTTC-1,Layer6
TCCAGCGCTATAAGCG-1,Layer2
TCCAGGCGAGTACGGT-1,Layer6
TCCAGGGTATATACGA-1,Layer6
TCCATCAATACTAATC-1,WM
TCCATTAGTTGGATAG-1,Layer1
TCCATTGTGACCTCGT-1,Layer3
TCCCAAACAGACAACG-1,Layer2
TCCCAAAGACGAAGGA-1,Layer5
TCCCAAAGCCCTAAAT-1,Layer2
TCCCACGGAGGGAGCT-1,Layer2
TCCCACTCTCTTCCGG-1,Layer3
TCCCAGCTTTAGTCTG-1,Layer6
TCCCAGGCTTAGCTAA-1,Layer5
TCCCGCGTACTCCTGG-1,Layer6
TCCCGGGTGTGCTGCT-1,Layer5
TCCCGGTCAGGAATTT-1,Layer1
TCCCGTCAGTCCCGCA-1,Layer5
TCCCGTGTGCAATTTG-1,Layer5
TCCCTAGATCAATAGG-1,Layer2
TCCCTGGCGTATTAAC-1,WM
TCCCTGGCTCGCTGGA-1,Layer5
TCCCTTAGATTACTCG-1,Layer4
TCCCTTGTCTGAAACT-1,
TCCGAACTTGGCTTAC-1,Layer5
TCCGAAGTAGTCACCA-1,Layer2
TCCGAATGGTCCTGAG-1,Layer2
TCCGACCGCTAATCAA-1,WM
TCCGAGAAGGCTAAGC-1,Layer1
TCCGATAATTGCCATA-1,Layer5
TCCGATGACTGAGCTC-1,Layer5
TCCGATGGTGCGACAT-1,Layer5
TCCGATTACATTGCCG-1,Layer5
TCCGCCTGTCTACAAG-1,Layer5
TCCGCGGCAGCATCTG-1,Layer5
TCCGCGGCCCAATGAA-1,Layer3
TCCGCTGTCATCCCGG-1,Layer5
TCCGCTTATCCCATTA-1,Layer6
TCCGGAGGAAGGGCTG-1,Layer2
TCCGGCCTAGCGTACA-1,Layer3
TCCGGCCTGCATCGAT-1,Layer3
TCCGGGCTTGACGGGA-1,Layer3
TCCGGTTCGTCCGGTC-1,Layer6
TCCGTAACCACAATCC-1,Layer3
TCCGTTAAGCTAATAT-1,Layer3
TCCGTTTAGCCTTGAA-1,Layer5
TCCTAAATTGGGAAGC-1,Layer6
TCCTAACCGTCGGGCA-1,WM
TCCTACATCCACGGCC-1,Layer5
TCCTAGCAAAGAAGCT-1,Layer6
TCCTCCTAAGACATTC-1,Layer6
TCCTCGGGCTGGGCTT-1,Layer6
TCCTCTACGAGATGGC-1,Layer4
TCCTCTCCAGTTGTCC-1,Layer4
TCCTCTGGCCCATTAG-1,Layer3
TCCTGCCAACTGGAGA-1,Layer3
TCCTGCGTTGATACTC-1,Layer6
TCCTGGCGCTGCCTGG-1,Layer2
TCCTTACGACGGTCCG-1,Layer3
TCCTTCAGTGGTCGAA-1,Layer3
TCCTTGTCCTTTAATT-1,Layer5
TCCTTTAAATCCGCTT-1,Layer3
TCCTTTCTTACGCTTA-1,Layer6
TCGAAATTTAGGACCA-1,Layer5
TCGAAGAACCGAGCAC-1,Layer3
TCGAATATCCCGCAGG-1,WM
TCGACAACTGAACCCG-1,WM
TCGAGACCAACACCGT-1,Layer6
TCGAGCCAGGCAGGCC-1,WM
TCGATAGGCTAGTCGC-1,Layer2
TCGCAAAGATGCATTT-1,Layer6
TCGCACCAGGAGGCAG-1,Layer5
TCGCATAAAGGGCGCA-1,Layer2
TCGCATCCCTAAGTGT-1,Layer3
TCGCATTCAATGACTT-1,Layer1
TCGCCCAACTGACTCC-1,Layer1
TCGCCGAAGTTGCGTC-1,WM
TCGCCGACATATTCGC-1,Layer3
TCGCCGGTCGATCCGT-1,Layer5
TCGCCTCGACCTGTTG-1,Layer1
TCGCGTAGCAGTGTCC-1,Layer3
TCGCGTCCAGAAGGTC-1,Layer5
TCGCTAAACCGCTATC-1,Layer4
TCGCTACTGGCTTTGA-1,Layer5
TCGCTCGATATATTCC-1,Layer6
TCGCTCGGCACCAGCG-1,Layer3
TCGCTGGGCGGATTGT-1,Layer6
TCGCTGTGCGTAAATC-1,Layer3
TCGCTTTAAACGTTTG-1,Layer5
TCGGAATGACCATCAA-1,Layer3
TCGGAATGCGCTCTGA-1,Layer5
TCGGACGCCCAGCCCA-1,Layer5
TCGGAGAGTATCGGGA-1,Layer6
TCGGAGTACATGAGTA-1,Layer6
TCGGATCTGGATGACC-1,WM
TCGGCGAACCCAAACC-1,Layer3
TCGGCGTACTGCACAA-1,Layer6
TCGGCTAACTTCCCTT-1,Layer3
TCGGCTTGTATCGACG-1,Layer3
TCGGGAACGTGCCTAG-1,Layer3
TCGGGAGACAGCGTAC-1,Layer5
TCGGGATTCAAACATA-1,Layer5
TCGGGCACTTCTGGAT-1,Layer1
TCGGGCCGTCGTGGTA-1,Layer5
TCGGGTGAAACTGCTA-1,Layer3
TCGGTCCCGACAATAG-1,WM
TCGGTCCCTGACTCCA-1,Layer3
TCGGTGACCGCTCCGG-1,Layer2
TCGGTTAGCCATGTAG-1,Layer3
TCGTAAGACGACATTG-1,Layer5
TCGTAAGCTCCGAGGA-1,Layer3
TCGTATAGTGCAATTA-1,Layer3
TCGTATTACCCATTGC-1,Layer5
TCGTATTTCGTCCGGA-1,Layer3
TCGTCAAGTACGCGCA-1,WM
TCGTCACACTGTTAGC-1,Layer3
TCGTCCGCTGGCGTCT-1,Layer4
TCGTCTTAGGCGTTAA-1,Layer5
TCGTGTACTATGGATG-1,Layer5
TCGTGTATTGGTCACG-1,Layer2
TCGTGTCACGCTGACA-1,Layer6
TCGTGTTCGACCACAA-1,Layer3
TCGTTAGGAGTCCCTA-1,Layer6
TCGTTCGTTATTATGT-1,Layer3
TCGTTGCTATCCGGTC-1,WM
TCGTTGGCTCGTCAAT-1,Layer1
TCTAAAGAACAGTCTC-1,WM
TCTAACTGTATGTAAA-1,Layer3
TCTAATACTGCCTCAG-1,WM
TCTACACGTTCATGCA-1,Layer3
TCTACCCAATAGAGAG-1,Layer3
TCTACCGTCCACAAGC-1,Layer6
TCTAGCAATCTCCGCC-1,Layer6
TCTAGCATCTTCGATG-1,Layer5
TCTAGCATGCCCAGAA-1,Layer6
TCTAGGTGGCGACGCT-1,Layer3
TCTAGTGATATCGTGG-1,Layer3
TCTAGTTATCAGAAGA-1,Layer6
TCTATAGGTGGGTAAT-1,
TCTATCATGCAGTTAC-1,Layer3
TCTATCGGTCGCAACA-1,Layer5
TCTATGCTATAACGAC-1,Layer3
TCTATTACGCTGGCGA-1,Layer3
TCTATTACTAGAGGAT-1,Layer5
TCTCATGAGATAGGGT-1,Layer5
TCTCCAACGTAGGTTA-1,Layer5
TCTCCACAAGTTGAAT-1,Layer3
TCTCCCTGGGCAGCGT-1,Layer5
TCTCGAACGAGGTCAC-1,Layer3
TCTCGACGTATCGCCG-1,Layer3
TCTCGAGGAGGTTCGC-1,Layer3
TCTCGGCTCCAGGACT-1,Layer2
TCTCTAATAGCTGGTA-1,Layer5
TCTCTCGCCGCACATA-1,Layer2
TCTCTTACCGCGAACC-1,WM
TCTGAACCGGTCGGCT-1,Layer3
TCTGAACTCGTACCCG-1,Layer4
TCTGAAGCACGTGGTC-1,Layer5
TCTGAATTCCGTACAA-1,Layer4
TCTGACTGTAATGGTT-1,Layer1
TCTGAGCAATTGACTG-1,Layer2
TCTGATGTATTCTGTC-1,Layer5
TCTGCATACCTTGCTT-1,Layer3
TCTGCCAGAAACTGCA-1,Layer5
TCTGCGTCCGGTTTCT-1,Layer2
TCTGGGAACCTTTGAA-1,Layer3
TCTGGGTAGCGCTCAT-1,Layer6
TCTGTCATACAAGAGC-1,Layer3
TCTGTGACTGACCGTT-1,Layer1
TCTGTGCCATCATAGT-1,Layer5
TCTGTGGCTACATTTC-1,Layer1
TCTGTTACCCAGCATA-1,WM
TCTTACAGAGGTACCG-1,Layer3
TCTTACCGGAACTCGT-1,Layer4
TCTTACGGCATCCGAC-1,Layer4
TCTTACTTATGCCTCT-1,Layer4
TCTTAGAGCTCCAATT-1,Layer3
TCTTAGAGTGAACTCT-1,Layer3
TCTTATGGGTAGTACC-1,Layer1
TCTTCCCATGGGCACA-1,Layer3
TCTTCGAATAGACGTT-1,Layer6
TCTTCGATACCAATAA-1,Layer6
TCTTCTATAACCCGCC-1,Layer3
TCTTGATGCGTAGCGA-1,Layer6
TCTTGCTCCCGATACT-1,Layer6
TCTTGGTAACACCAAA-1,Layer5
TCTTTAAGACTATGAA-1,Layer3
TCTTTAGAGTCTAACA-1,Layer2
TCTTTCTCTTAAGGAG-1,Layer3
TGAAACCTCAACTCAC-1,Layer1
TGAAACTTATGCAAGC-1,Layer3
TGAAAGGACCTGACTC-1,Layer5
TGAACAAGCAGGGACT-1,WM
TGAATACCGACGCGTA-1,Layer4
TGAATGAGTGTTTCCC-1,Layer6
TGAATGTCAGCCGGCC-1,Layer3
TGACACTTCTCTTTGC-1,Layer3
TGACAGGACAAGTCCA-1,WM
TGACATCGAGCGGACC-1,Layer3
TGACATGTAACGTGAC-1,Layer6
TGACCAAATCTTAAAC-1,Layer6
TGACCAGCTTCAAAGT-1,Layer3
TGACCCAACTCACATT-1,Layer1
TGACCCACGTTAGACA-1,Layer6
TGACGAATATTTCCCT-1,Layer6
TGACGATGCACTAGAA-1,Layer4
TGACTATAATCCTTTC-1,Layer6
TGACTCCGAATCATAC-1,WM
TGAGAATGCTTTACCG-1,Layer4
TGAGAGATTTACCACG-1,Layer5
TGAGATCAAATACTCA-1,Layer3
TGAGATTAGGCCCTAA-1,Layer3
TGAGCAGTCGTGAAGT-1,Layer1
TGAGCCATACAGTCTC-1,Layer6
TGAGCGGAAAGTGTTC-1,Layer6
TGAGCTTTAATGACGC-1,Layer4
TGAGGAGTGCCAGCTT-1,Layer6
TGAGGCATGTACTGTG-1,WM
TGAGGTTGATCCCAAG-1,Layer1
TGAGTAAATTAGCGTA-1,Layer6
TGAGTGCCTCTTAAAT-1,WM
TGAGTGGTCCGTGACG-1,Layer5
TGAGTGTAACAACGGG-1,
TGAGTTAAAGACATTC-1,Layer3
TGATACATTTAGCCGT-1,WM
TGATAGCGGGATTCTA-1,Layer3
TGATCAGGGAACTGCT-1,Layer6
TGATCCCAGCATTAGT-1,Layer3
TGATCGGTTTGACCCT-1,Layer5
TGATCTACGCTGATCT-1,Layer3
TGATCTCCGGCGCCAG-1,Layer5
TGATGGCTGTTTCTGA-1,Layer2
TGATGGGACTAAGTCA-1,Layer1
TGATGTCAATTAAGTG-1,Layer3
TGATTATGGCACGCAG-1,Layer1
TGATTCAGGTCCCGCG-1,Layer6
TGATTCCCGGTTACCT-1,Layer6
TGATTCGTCTATCACT-1,Layer5
TGATTCTGTCGCCGGT-1,WM
TGATTTATTAGCTGTG-1,Layer6
TGATTTCCTCCTGACG-1,Layer3
TGCAACCCATCTGCGG-1,Layer3
TGCAAGAATGACGTAA-1,Layer6
TGCAATCTAACACGGT-1,Layer3
TGCAATTTGGGCACGG-1,Layer3
TGCACAGTGAAGTTAT-1,Layer3
TGCACGAGTCGGCAGC-1,Layer3
TGCACTATGTGAGTGC-1,Layer2
TGCAGAACTATATCGT-1,Layer6
TGCAGAGTACCGAGCA-1,Layer6
TGCAGATCGTCCTAGG-1,Layer6
TGCAGCTACGTACTTC-1,Layer5
TGCAGGATCGGCAAAG-1,Layer5
TGCAGTGGTAGGGAAC-1,WM
TGCAGTTTCCTCCCAT-1,Layer5
TGCATATGTCTGTCAC-1,Layer5
TGCATGGATCGGATCT-1,Layer5
TGCATGTGACCCATAG-1,WM
TGCATGTGGTAATCTA-1,Layer5
TGCCAAAGTCAGACTT-1,Layer6
TGCCAATGGGTACTCT-1,Layer6
TGCCACCTGGCGAAAC-1,Layer5
TGCCAGTACGTGGAGA-1,Layer6
TGCCATGGCTTATAAG-1,Layer2
TGCCATTACTAAAGAA-1,Layer5
TGCCCGTACCGTTAAA-1,Layer6
TGCCGGATGTACGAGC-1,WM
TGCCGTGGATCGTCCT-1,Layer6
TGCCTAATTGAAGATT-1,Layer3
TGCCTGACATCGGTCA-1,Layer2
TGCCTGATCAAACGAT-1,Layer5
TGCCTTGGCCAGGCAA-1,Layer5
TGCGAATATGGGATTT-1,Layer6
TGCGACACCCTAGTGC-1,WM
TGCGACGGCCGAACGT-1,WM
TGCGAGAATATTACCC-1,WM
TGCGAGCCCTTCCGCG-1,Layer3
TGCGCAAAGCATTTGG-1,Layer6
TGCGCGATTAACGGAG-1,Layer5
TGCGGACTTGACTCCG-1,Layer5
TGCGGAGTAAAGGTGC-1,Layer5
TGCGGCATAGTTCAAC-1,Layer3
TGCGGGTATTGGGATC-1,Layer2
TGCGGTCTACGAGTAA-1,Layer2
TGCGGTGAAATTTCAT-1,Layer3
TGCGTAAGAACCTGAT-1,WM
TGCGTCATGACTGAGC-1,WM
TGCGTGATTGGGTGTC-1,Layer1
TGCGTTTGTTGACACT-1,Layer6
TGCTAAGTGTCTATTT-1,Layer4
TGCTATACAAACGGAC-1,Layer2
TGCTCCACAGTTCTTA-1,Layer4
TGCTCGGCGAAACCCA-1,Layer6
TGCTCGGTGGGTCACC-1,Layer5
TGCTCTTGAGAGTTTG-1,Layer5
TGCTGGTTGGACAATT-1,Layer4
TGCTGTTGAAGAACTC-1,Layer6
TGCTTAGAGAGAATGC-1,WM
TGCTTCCCAAGCAGTA-1,Layer6
TGGAAACGGAGTGAAC-1,Layer1
TGGAACCACTGACACA-1,Layer3
TGGAAGAAGGGAACGT-1,Layer6
TGGAAGACGAACACCA-1,Layer3
TGGAAGGATAAAGATG-1,Layer5
TGGAATATCCTTGACC-1,Layer3
TGGAATTAGACGCTTT-1,Layer3
TGGACCAATCTAAGAT-1,Layer5
TGGACGCAATCCAGCC-1,WM
TGGACTGTTCGCTCAA-1,Layer6
TGGAGAATAATCGTCC-1,WM
TGGAGCTAAAGTTCCC-1,Layer3
TGGAGTGATGCGATGA-1,Layer5
TGGCAAACTAAATTAC-1,Layer5
TGGCAACTCGCGCGCC-1,Layer5
TGGCAAGCACAAGTCG-1,Layer6
TGGCAATGGGACGGCG-1,Layer3
TGGCACGAGCTCGAGT-1,Layer2
TGGCAGATTACGATCA-1,Layer6
TGGCAGCAGTAATAGT-1,Layer6
TGGCATGAAGTTTGGG-1,WM
TGGCCAAACTGAAGTA-1,Layer5
TGGCCAATTTGGTACT-1,Layer6
TGGCCGTATATTGACC-1,Layer5
TGGCGACTGCTCCAAA-1,WM
TGGCGATCAAGTTATG-1,Layer6
TGGCGGTGTGCGATTG-1,Layer1
TGGCTACACTCTACCT-1,Layer3
TGGCTATGTGACATAC-1,Layer5
TGGCTCTTGTCGCGTA-1,Layer5
TGGCTTTGGGTAGACA-1,Layer4
TGGGAAATGCCTTTCC-1,Layer3
TGGGATGCACTCATTC-1,Layer3
TGGGCAATAGTTGGGT-1,Layer3
TGGGCACAAACAGAAC-1,Layer2
TGGGCACGTTCTATGG-1,Layer3
TGGGCAGGCCACCGCA-1,Layer2
TGGGCCACAAGAGCGC-1,Layer5
TGGGCCCATACTAATT-1,Layer5
TGGGCCTTGCCTGCAT-1,Layer1
TGGGCGATACAATAAG-1,Layer6
TGGGTAAGGTTCCCGC-1,Layer3
TGGTAAGCAGGATTGA-1,Layer5
TGGTAGAATATATGGG-1,Layer3
TGGTATCGCATCCCAA-1,Layer3
TGGTATCGGTCTGTAT-1,Layer3
TGGTCCCACGCTACGG-1,Layer5
TGGTCTGTTGGGCGTA-1,Layer5
TGGTGATCGTATTTGT-1,Layer3
TGGTTAACTTACATTT-1,WM
TGGTTCAACGGGTAAT-1,Layer6
TGGTTCGTAGCAAAGG-1,Layer5
TGGTTGGAGGATCCTG-1,Layer3
TGGTTTAAACGTGGGT-1,Layer2
TGTAACTTGTCAACCT-1,Layer1
TGTAATGACCACAATA-1,Layer5
TGTACCCGACCCTAAT-1,WM
TGTACCTACACGAGGG-1,Layer3
TGTACGAACAAATCCG-1,Layer6
TGTACGCTATCAGCTT-1,Layer2
TGTACTGTGCCAAAGT-1,Layer1
TGTAGCCATCCCATTC-1,Layer2
TGTAGGAGAAATTTCC-1,Layer5
TGTAGTGATCTATAAT-1,Layer5
TGTATAACAGATCCTG-1,Layer5
TGTATCCTTATTCCAT-1,Layer3
TGTATGGCGCAGACAG-1,Layer4
TGTATTTACCTAATGC-1,Layer2
TGTCATTTGTTGGGAA-1,Layer3
TGTCCACGGCTCAACT-1,Layer3
TGTCCCGACATAGCAC-1,Layer3
TGTCCGTGGCGCCTTT-1,Layer4
TGTCCTAAGTCACCGC-1,Layer5
TGTCGGCATGGTGGAA-1,Layer1
TGTCGTTATCACATAT-1,WM
TGTCTACAGTTTCTGT-1,Layer3
TGTGACTACGCCAGTC-1,Layer5
TGTGAGACTAGCCCAA-1,Layer6
TGTGATTCCAGCGCTT-1,Layer2
TGTGCCGGTGCCGGAA-1,Layer3
TGTGCTTTACGTAAGA-1,Layer5
TGTGGAGGAAGCTTAA-1,Layer1
TGTGGCAAAGCGTATG-1,Layer5
TGTGGCGGGCTTCTGG-1,Layer6
TGTGGCTCCCACCAAC-1,Layer2
TGTGGTTGCTAAAGCT-1,Layer6
TGTGTCGCGAGTTGCA-1,Layer4
TGTGTTCGTATCCAAG-1,Layer4
TGTTATTGTATGTGGC-1,Layer5
TGTTCCGCTTCCATGA-1,Layer6
TGTTCCGGCCTGAGCT-1,Layer6
TGTTCGTATTGCGGTG-1,Layer6
TGTTCTTCCATTGACT-1,Layer6
TGTTGTCAAGAAGTCT-1,Layer5
TGTTTAATACTTCATC-1,Layer3
TGTTTCGGTACTTCTC-1,Layer4
TGTTTCTGAAGCGTGC-1,WM
TGTTTGAGATCGTCAG-1,Layer2
TTAAACAGAGTCCCGC-1,Layer1
TTAAACCGGTAGCGAC-1,Layer3
TTAAACCTGGTTCCTT-1,Layer3
TTAAACTCGAATTCAT-1,Layer4
TTAACACCTCGAACAT-1,Layer3
TTAACCAACCCTCCCT-1,Layer5
TTAACGTCGCAAGACC-1,Layer3
TTAACTCACGCGTGGA-1,Layer3
TTAACTTCAGGTAGGA-1,Layer6
TTAAGACGAACGAACC-1,Layer3
TTAAGATAGGATTGAC-1,Layer3
TTAAGCCGACAACTTC-1,Layer3
TTAAGCGCCTGACCCA-1,Layer5
TTAAGGATACGGAGGT-1,Layer1
TTAAGGCCCGTACTTT-1,WM
TTAAGTATTGTTATCC-1,Layer3
TTAATCAGTACGTCAG-1,Layer5
TTAATGCGAGGTAACT-1,Layer3
TTAATGTAGACCAGGT-1,Layer6
TTAATTGCTTTGGGTG-1,Layer5
TTAATTTCAGACGCGG-1,Layer4
TTACAACTACGCATCC-1,Layer5
TTACACGATCTGCGAC-1,Layer2
TTACAGACCTAAATGA-1,Layer3
TTACATCGTGGCCTGG-1,Layer3
TTACATGCCACAACTA-1,Layer3
TTACCATTGATTACCC-1,Layer5
TTACCCATTGCCGGGT-1,Layer4
TTACCCTAACAGTCCT-1,Layer3
TTACCCTAGGGATTGG-1,Layer6
TTACCGCCTTAGGGAA-1,Layer1
TTACGGATGGTTCGAG-1,Layer4
TTACGGTGTCACCGAG-1,Layer1
TTACGTAGCGCGTGCT-1,Layer1
TTACTAAAGGACTTTA-1,Layer5
TTACTATCGGCTTCTC-1,Layer5
TTACTCCGGCCGGGAA-1,Layer6
TTACTCTGGTACGTAC-1,Layer6
TTACTGGGATATTTCA-1,Layer6
TTACTGTTTCTCTACG-1,Layer2
TTAGAAGAACATGACT-1,Layer6
TTAGAATAAGGGTCGG-1,WM
TTAGACACGATCGTTG-1,Layer3
TTAGACGAGTCACCTC-1,Layer5
TTAGAGTTTAGAAGGA-1,Layer5
TTAGATAGGTCGATAC-1,Layer1
TTAGCAACATGGATGT-1,Layer3
TTAGCTAATACGATCT-1,Layer3
TTAGCTCTGTAATCCG-1,Layer4
TTAGCTGATTTGCCGT-1,Layer4
TTAGGTCATAACCGAC-1,WM
TTAGTAAACCTGCTCT-1,Layer3
TTAGTAGGGCGGCGGG-1,Layer5
TTAGTTATTCGTGGCA-1,Layer4
TTAGTTCAAGTGTTCG-1,Layer2
TTATAGATGCACATTA-1,Layer2
TTATAGGTAATTGTCT-1,Layer5
TTATATACGCTGTCAC-1,Layer6
TTATATTTGGCAATCC-1,Layer6
TTATCCAATCGAACTC-1,Layer2
TTATCCGGGATCTATA-1,Layer5
TTATCCTCAAGGAATA-1,WM
TTATCGCCTGCGAAGC-1,Layer3
TTATCTGACATTAGGA-1,Layer6
TTATCTGTATCATAAC-1,Layer5
TTATGAATGAAAGGGA-1,Layer6
TTATGACAAACTGGAT-1,Layer5
TTATGATCTTAACGAA-1,Layer5
TTATGCGTCCCGGTCC-1,Layer1
TTATGTTTGCGATAGA-1,Layer3
TTATTAGAGCGTGTTC-1,Layer6
TTATTAGGGAAGCATC-1,Layer3
TTATTTCATCCCAAAC-1,Layer1
TTCAAAGTCTCTAGCC-1,Layer6
TTCAACGACCCGACCG-1,Layer4
TTCAAGCCGAGCTGAG-1,Layer3
TTCAATACTCTGAATC-1,Layer5
TTCAATTAGCCATAAT-1,Layer3
TTCACGAAAGGATCAC-1,Layer6
TTCACTCGAGCACCTA-1,Layer6
TTCACTTCCTAGAACG-1,Layer6
TTCAGAGTAACCTGAC-1,Layer1
TTCAGCCCTGGTCCAC-1,Layer5
TTCAGCTGGCGTGCCC-1,Layer3
TTCAGGCGTCAAAGCC-1,Layer5
TTCAGTTCAAGAGGAG-1,WM
TTCATAGCCTTGTAAC-1,Layer1
TTCATGGCGCAACAGG-1,Layer5
TTCCAATCAGAGCTAG-1,Layer3
TTCCAATCTGGCTATC-1,WM
TTCCACACAGATTTGA-1,WM
TTCCACATTTCTCGTC-1,Layer2
TTCCAGACGAGATTTA-1,Layer3
TTCCATCATGCGGTGA-1,Layer3
TTCCATCGACAGCGTG-1,Layer3
TTCCCGACGCTTCACT-1,Layer3
TTCCCGGCGCCAATAG-1,Layer6
TTCCGCAGAGAAATAT-1,Layer3
TTCCGCGTGAGGCGAT-1,Layer6
TTCCGGCCTTGAGGCT-1,WM
TTCCGGCTCGACTTCT-1,Layer1
TTCCGGTATCTGTGTC-1,Layer2
TTCCGGTTACCCACTT-1,Layer5
TTCCTCGAGGGTGTCT-1,Layer5
TTCCTCGGACTAACCA-1,Layer5
TTCCTCTGCCCGAATA-1,Layer5
TTCCTTTCTGTGTTGC-1,Layer1
TTCGACAGAGCCCGTG-1,Layer6
TTCGACGGGAAGGGCG-1,Layer5
TTCGCACTCGCGTGCT-1,Layer5
TTCGCACTGTACGACA-1,Layer6
TTCGCATCCGGAAGCA-1,Layer1
TTCGCCGCTCGCGCTA-1,WM
TTCGCGCGCCATACGA-1,WM
TTCGCTAGGAAGTTGT-1,Layer2
TTCGCTATCTGACGTG-1,Layer3
TTCGGACTGATGCCTT-1,Layer2
TTCGGACTGGGCATGG-1,WM
TTCGGCAACCCGCTGA-1,Layer3
TTCGGCTAGAGATGGT-1,Layer3
TTCGGGACTAATCGCG-1,Layer6
TTCGGGCGCTAGTCTT-1,WM
TTCGGTACTGTAGAGG-1,Layer6
TTCGTAATCCCAGCGG-1,Layer3
TTCGTACTCCAGAACG-1,Layer5
TTCGTTCAACGAAGTT-1,Layer3
TTCTAACCGAAGCTTA-1,Layer5
TTCTACCTCAATCGGT-1,WM
TTCTACCTTTATGTTG-1,Layer3
TTCTACTTGCGAGGGC-1,Layer3
TTCTAGAAAGTCTTAT-1,WM
TTCTAGGCCAATTGTG-1,Layer4
TTCTATTAAACGCAGC-1,Layer6
TTCTCTTACAGGTGAT-1,WM
TTCTGACCGGGCTCAA-1,Layer5
TTCTGCCGCGCCTAGA-1,Layer6
TTCTGCGAGCGCCCTT-1,Layer5
TTCTGCGGGTTAGCGG-1,Layer5
TTCTGCTAGACTCCAA-1,Layer3
TTCTTAGTGAACGGTG-1,Layer3
TTCTTAGTGGCTCAGA-1,Layer4
TTCTTATCCGCTGGGT-1,Layer3
TTCTTCCCTTTGATAT-1,Layer3
TTCTTCGCAATAGAGC-1,Layer2
TTCTTGAGCCGCGCTA-1,WM
TTCTTGCTAGCATCTC-1,Layer3
TTCTTGGACGATCTGC-1,WM
TTCTTGGAGTAATGAG-1,Layer5
TTCTTGTAACCTAATG-1,Layer4
TTCTTTGGTCGCGACG-1,Layer3
TTGAAAGGTGTAAAGG-1,Layer3
TTGAACGAATCCTTTG-1,Layer3
TTGAACGACGTGCTGA-1,Layer3
TTGAAGAATTCCCAGG-1,Layer6
TTGAAGGATGGGCGCC-1,WM
TTGAATATGGACTTTC-1,Layer6
TTGAATCGTTGTATAA-1,Layer6
TTGAATTCACGTGAGG-1,Layer3
TTGACAGGAGCTCCCG-1,Layer3
TTGACATGAACGTGGA-1,Layer6
TTGACCAGGAACAACT-1,Layer5
TTGACCATGTTCTCCG-1,Layer5
TTGACCGTGTTAATGA-1,WM
TTGACGATTCAGCACG-1,Layer3
TTGACGCTCCATGAGC-1,Layer3
TTGACTACCATATGGT-1,WM
TTGACTATTGTCCGGC-1,Layer3
TTGAGAAGTTTAGCAT-1,Layer4
TTGAGAGTACTGCTAA-1,WM
TTGAGCAGCCCACGGT-1,Layer2
TTGAGCGCCACGTGAT-1,Layer2
TTGAGGCATTTAACTC-1,Layer3
TTGATCTAACTTTGTC-1,Layer5
TTGATGTGTAGTCCCG-1,Layer4
TTGATTAGCTGTTTCT-1,WM
TTGATTATGCAGATGA-1,Layer5
TTGCAAGAAGACTCCT-1,Layer6
TTGCACAATTCAGAAA-1,Layer6
TTGCACGGAGCAGCAC-1,Layer5
TTGCATGCTGATCACG-1,Layer6
TTGCCAAGCAGAACCC-1,Layer2
TTGCCATAGCCCGCTC-1,WM
TTGCCCTGATCACGGG-1,Layer5
TTGCCGCAGACCTACA-1,WM
TTGCCGCTTTCTAGTA-1,Layer5
TTGCCGGTGATCCCTC-1,Layer3
TTGCCTAATCCAAAGT-1,WM
TTGCGGCATCAGAAAG-1,WM
TTGCGGCGACTCATGC-1,Layer2
TTGCGTAGTTTGAGGA-1,Layer3
TTGCGTCGGCCAACCG-1,WM
TTGCGTGAACGCTTAG-1,Layer3
TTGCTAGCTACCAATC-1,Layer1
TTGCTCATAGTACGTG-1,
TTGCTCCCATACCGGA-1,Layer5
TTGCTGAAGGAACCAC-1,Layer5
TTGCTGATCATGTTCG-1,Layer6
TTGCTGCACCTATCCA-1,Layer3
TTGCTGGCCGGGCTTC-1,Layer3
TTGGAAGAATACAGTC-1,WM
TTGGACATGTGGCTTA-1,Layer6
TTGGACCATCTGGCAA-1,Layer3
TTGGACCTATAACAGT-1,Layer4
TTGGAGTCTCCCTTCT-1,Layer2
TTGGATATCGTCTACG-1,WM
TTGGATCGACTTCTGG-1,Layer3
TTGGATTGGGTACCAC-1,Layer4
TTGGCCATCTTGCGCT-1,Layer3
TTGGCCTAGAATTTCG-1,Layer3
TTGGCTCAATATGTGT-1,
TTGGCTCGCATGAGAC-1,Layer4
TTGGGAAGACGAGCCG-1,Layer6
TTGGGACACTGCCCGC-1,Layer6
TTGGGACGTAAGAGTT-1,Layer3
TTGGGCGGCGGTTGCC-1,Layer5
TTGGTCACACTCGTAA-1,WM
TTGGTTGCGGTGCGCG-1,WM
TTGTAAGGACCTAAGT-1,WM
TTGTAAGGCCAGTTGG-1,Layer5
TTGTAATCCGTACTCG-1,Layer6
TTGTATCACACAGAAT-1,Layer3
TTGTCGTTCAGTTACC-1,Layer5
TTGTGAACCTAATCCG-1,Layer4
TTGTGAGGCATGACGC-1,Layer5
TTGTGCAGCCACGTCA-1,Layer5
TTGTGGCCCTGACAGT-1,Layer5
TTGTGGTAGGAGGGAT-1,WM
TTGTGGTGGTACTAAG-1,Layer3
TTGTGTATGCCACCAA-1,Layer6
TTGTGTTTCCCGAAAG-1,Layer6
TTGTTAGCAAATTCGA-1,Layer4
TTGTTCAGTGTGCTAC-1,Layer5
TTGTTGTGTGTCAAGA-1,Layer5
TTGTTTCACATCCAGG-1,WM
TTGTTTCATTAGTCTA-1,WM
TTGTTTCCATACAACT-1,Layer6
TTGTTTGTATTACACG-1,WM
TTGTTTGTGTAAATTC-1,Layer2
