system,sample_id,n_total,n_success,success_rate,gt_ari_mean,gt_ari_ci_lo,gt_ari_ci_hi,gt_nmi_mean,gt_nmi_ci_lo,gt_nmi_ci_hi,cross_rep_ari_mean,cross_rep_ari_ci_lo,cross_rep_ari_ci_hi,n_cross_rep_pairs
chatspatial,151507,10,10,1.0,0.3679548862411649,0.3679548862411649,0.3679548862411649,0.47639094137528176,0.47639094137528176,0.47639094137528176,1.0,1.0,1.0,45
chatspatial,151669,10,10,1.0,0.3023221663521025,0.3023221663521025,0.3023221663521025,0.4745252232973627,0.4745252232973627,0.4745252232973627,1.0,1.0,1.0,45
chatspatial,151673,10,10,1.0,0.4523016045057037,0.4523016045057037,0.4523016045057037,0.5641408094559967,0.5641408094559967,0.5641408094559967,1.0,1.0,1.0,45
spatialagent,151507,10,10,1.0,0.32254483511501386,0.25774143821684037,0.38472315379635075,0.42072675064750015,0.3655443032390695,0.47761196650968163,0.35626527625033333,0.3008629124299291,0.4135261714968096,45
spatialagent,151669,10,10,1.0,0.21714710924497793,0.14996453255684172,0.2934476183787013,0.2938305544654402,0.21888034716113125,0.34438637525527455,0.3465358865805711,0.26749812455261773,0.4308932070665343,45
spatialagent,151673,10,10,1.0,0.2812346458179517,0.23625214238636685,0.3259770458419151,0.41755754615753526,0.3737626100049348,0.4615994941441658,0.3171392880347563,0.2841960603889047,0.35125221557684094,45
stagent,151507,10,10,1.0,0.22024456768276884,0.15662875091917092,0.2786975755904456,0.3248326798497794,0.2388056079494275,0.39444613004580104,0.1995186623338558,0.15313925250207844,0.24726632509191215,45
stagent,151669,10,10,1.0,0.18205621890613152,0.13007750018091457,0.23116267689176276,0.30162488757122163,0.21734602477945825,0.3742358866936293,0.32103164335851353,0.2650037838885874,0.37637835050016877,45
stagent,151673,10,10,1.0,0.27829598545359546,0.22733502435980302,0.3268812544598111,0.4188574997856066,0.38091063007296366,0.45441520913911054,0.33038046104788726,0.28771108014693525,0.3748719899584577,36
